completion_density_log_mae,completion_f1,completion_gt_cells,completion_height_mae_m,completion_precision,completion_recall,frame,method,sample_index,seed
0.5641478896141052,0.7685705423355103,27761.0,2.1231939792633057,0.8338108658790588,0.712798535823822,000000,bevflow_lidar_only,0,20261001
0.5644010305404663,0.7899203300476074,26447.0,2.3769354820251465,0.9271883964538574,0.6880553364753723,000214,bevflow_lidar_only,0,20262001
0.5665107369422913,0.7734305262565613,25589.0,2.043041944503784,0.8756794333457947,0.6925632357597351,000428,bevflow_lidar_only,0,20263001
0.6979827880859375,0.7586134672164917,10310.0,2.3584182262420654,0.815666139125824,0.7090203762054443,000643,bevflow_lidar_only,0,20264001
0.6927983164787292,0.7750479578971863,10452.0,2.243629217147827,0.8216505646705627,0.7334481477737427,000857,bevflow_lidar_only,0,20265001
0.6292668581008911,0.7238453030586243,20876.0,2.4896299839019775,0.8236372470855713,0.6456217765808105,001071,bevflow_lidar_only,0,20266001
0.6792353391647339,0.7426884174346924,16398.0,2.3087496757507324,0.8150091171264648,0.6821563839912415,001285,bevflow_lidar_only,0,20267001
0.5967994928359985,0.800000011920929,18147.0,2.187335252761841,0.8833400011062622,0.7310299277305603,001499,bevflow_lidar_only,0,20268001
0.5898080468177795,0.7886912226676941,23905.0,2.1805624961853027,0.9240321516990662,0.6879314184188843,001714,bevflow_lidar_only,0,20269001
0.5721439123153687,0.8011930584907532,21296.0,2.0371577739715576,0.8077896237373352,0.7947032451629639,001928,bevflow_lidar_only,0,20270001
0.7699294090270996,0.5871815085411072,12420.0,2.614112615585327,0.665748119354248,0.5252012610435486,002142,bevflow_lidar_only,0,20271001
0.7253782749176025,0.6809216737747192,11391.0,2.673367977142334,0.7402329444885254,0.6304099559783936,002356,bevflow_lidar_only,0,20272001
0.6731166243553162,0.7431732416152954,12507.0,2.105647325515747,0.8240677714347839,0.6767410039901733,002571,bevflow_lidar_only,0,20273001
0.5803849101066589,0.762274980545044,19910.0,2.1424899101257324,0.8448939919471741,0.694374680519104,002785,bevflow_lidar_only,0,20274001
0.5657844543457031,0.7830144166946411,29326.0,2.0170154571533203,0.910883903503418,0.6866261959075928,002999,bevflow_lidar_only,0,20275001
0.6167482733726501,0.6506128907203674,18381.0,1.9953663349151611,0.7624652981758118,0.567379355430603,003213,bevflow_lidar_only,0,20276001
0.6092361211776733,0.7047613859176636,18491.0,2.406507730484009,0.7360734939575195,0.6760045289993286,003427,bevflow_lidar_only,0,20277001
0.6919355392456055,0.6550462245941162,12897.0,2.364675521850586,0.6971473693847656,0.6177405714988708,003642,bevflow_lidar_only,0,20278001
0.6271858811378479,0.7733942270278931,16242.0,2.1529436111450195,0.8220127820968628,0.7302056550979614,003856,bevflow_lidar_only,0,20279001
0.5993027091026306,0.72345370054245,19762.0,1.7666494846343994,0.7381390929222107,0.7093411684036255,004070,bevflow_lidar_only,0,20280001
0.7175712585449219,0.0,27761.0,3.099778413772583,1.0,0.0,000000,lidar_input,,
0.7415950298309326,0.0,26447.0,3.834312677383423,1.0,0.0,000214,lidar_input,,
0.7265510559082031,0.0,25589.0,3.0991790294647217,1.0,0.0,000428,lidar_input,,
1.060207486152649,0.0,10310.0,3.5011532306671143,1.0,0.0,000643,lidar_input,,
1.0580483675003052,0.0,10452.0,3.336259126663208,1.0,0.0,000857,lidar_input,,
0.8052056431770325,0.0,20876.0,3.3651576042175293,1.0,0.0,001071,lidar_input,,
0.9051613211631775,0.0,16398.0,3.4036357402801514,1.0,0.0,001285,lidar_input,,
0.8398796319961548,0.0,18147.0,3.405302047729492,1.0,0.0,001499,lidar_input,,
0.7708995938301086,0.0,23905.0,3.3325440883636475,1.0,0.0,001714,lidar_input,,
0.8069111704826355,0.0,21296.0,3.1412036418914795,1.0,0.0,001928,lidar_input,,
1.0019699335098267,0.0,12420.0,3.51141357421875,1.0,0.0,002142,lidar_input,,
1.069496989250183,0.0,11391.0,3.663262128829956,1.0,0.0,002356,lidar_input,,
1.0020262002944946,0.0,12507.0,2.964515447616577,1.0,0.0,002571,lidar_input,,
0.8254953622817993,0.0,19910.0,3.271015167236328,1.0,0.0,002785,lidar_input,,
0.7353004217147827,0.0,29326.0,2.956728458404541,1.0,0.0,002999,lidar_input,,
0.7946574091911316,0.0,18381.0,2.7740578651428223,1.0,0.0,003213,lidar_input,,
0.7860931158065796,0.0,18491.0,3.4800045490264893,1.0,0.0,003427,lidar_input,,
0.954932689666748,0.0,12897.0,3.2355847358703613,1.0,0.0,003642,lidar_input,,
0.9016280770301819,0.0,16242.0,3.3524699211120605,1.0,0.0,003856,lidar_input,,
0.8421206474304199,0.0,19762.0,2.565070867538452,1.0,0.0,004070,lidar_input,,
