completion_density_log_mae,completion_f1,completion_gt_cells,completion_height_mae_m,completion_precision,completion_recall,density_log_mae_intersection,density_log_mae_union,density_mass_ratio,density_mass_tv,density_raw_mae_intersection,density_raw_rmse_intersection,frame,gt_occupied_cells,height_bias_intersection_m,height_mae_gtocc_m,height_mae_intersection_m,height_rmse_intersection_m,method,occupancy_f1,occupancy_iou,occupancy_precision,occupancy_recall,pred_occupied_cells,range_max_m,range_min_m,sample_index,seed,valid_cells
0.749151885509491,0.0,3721.0,3.2807369232177734,1.0,0.0,0.4159615933895111,0.569155216217041,0.17375165224075317,0.4556846022605896,5.458505153656006,9.060674667358398,000000,8083.0,-0.9066950678825378,2.0034689903259277,0.9138974547386169,1.6458882093429565,lidar_input,0.7004978060722351,0.5390509366989136,0.9979409575462341,0.539651095867157,4371.0,20.0,0.0,,input,8224.0
0.716858446598053,0.0,10831.0,3.043950080871582,1.0,0.0,0.41771790385246277,0.6470805406570435,0.08864916115999222,0.6943240761756897,4.871826648712158,7.782057285308838,000000,14100.0,-0.8803103566169739,2.5452511310577393,0.892936646938324,1.6167577505111694,lidar_input,0.3759631812572479,0.23149918019771576,0.9936169981956482,0.2318439781665802,3290.0,35.0,20.0,,input,16988.0
0.7092595100402832,0.0,13209.0,3.0945804119110107,1.0,0.0,0.4216935336589813,0.668187141418457,0.05872165039181709,0.7903181910514832,4.974999904632568,7.84018611907959,000000,15369.0,-0.6339779496192932,2.751756429672241,0.6552927494049072,1.2292444705963135,lidar_input,0.24599964916706085,0.14025063812732697,0.985401451587677,0.1405426561832428,2192.0,50.0,35.0,,input,26256.0
0.5006596446037292,0.9239038228988647,3721.0,1.768704891204834,0.9752165079116821,0.8777210712432861,0.46821996569633484,0.4965621829032898,1.2582216262817383,0.4833003282546997,6.745474338531494,10.908500671386719,000000,8083.0,-0.6279695630073547,1.6412510871887207,1.476661205291748,1.9575339555740356,bevflow_lidar_only,0.9502407908439636,0.9051987528800964,0.987720251083374,0.9155016541481018,7492.0,20.0,0.0,0,20261001,8224.0
0.5448030233383179,0.8336676955223083,10831.0,1.965745449066162,0.9126853346824646,0.7672421932220459,0.4926559329032898,0.5521105527877808,1.4568672180175781,0.5615200996398926,6.7853288650512695,11.342732429504395,000000,14100.0,-0.15905174612998962,1.8972227573394775,1.637900948524475,2.147225856781006,bevflow_lidar_only,0.8646138906478882,0.7615152597427368,0.9330485463142395,0.805531919002533,12173.0,35.0,20.0,0,20261001,16988.0
0.5978949666023254,0.6707231998443604,13209.0,2.3521578311920166,0.7281432747840881,0.6216973066329956,0.5368072390556335,0.6293337941169739,1.6485419273376465,0.648374080657959,7.726200103759766,12.932958602905273,000000,15369.0,0.27646827697753906,2.2949001789093018,1.8565934896469116,2.348428964614868,bevflow_lidar_only,0.7133798003196716,0.5544602870941162,0.7679094076156616,0.6660810708999634,13331.0,50.0,35.0,0,20261001,26256.0
0.7625328302383423,0.0,3490.0,3.444939374923706,1.0,0.0,0.34122100472450256,0.5280245542526245,0.22524914145469666,0.5066631436347961,3.252742290496826,4.949193477630615,000214,7866.0,-0.9358740448951721,2.06791353225708,0.9696910977363586,1.6620219945907593,lidar_input,0.714040994644165,0.5552594661712646,0.9965839385986328,0.5563183426856995,4391.0,20.0,0.0,,input,8224.0
0.6849246025085449,0.0,9252.0,3.5311954021453857,1.0,0.0,0.4060882031917572,0.6280981302261353,0.10126893222332001,0.7003259062767029,4.466270446777344,6.548115253448486,000214,11609.0,-0.7633586525917053,2.9730794429779053,0.7822917699813843,1.3657950162887573,lidar_input,0.3372442424297333,0.2028224766254425,0.9949345588684082,0.20303213596343994,2369.0,35.0,20.0,,input,16988.0
0.7745203375816345,0.0,13705.0,4.138096809387207,1.0,0.0,0.6632795333862305,0.7586714625358582,0.04748763516545296,0.7298054099082947,9.191593170166016,11.300461769104004,000214,15965.0,-1.5082694292068481,3.767808675765991,1.5223232507705688,2.0172929763793945,lidar_input,0.2479565441608429,0.14152421057224274,0.9982331991195679,0.1415596604347229,2264.0,50.0,35.0,,input,26256.0
0.5341827273368835,0.9014505743980408,3490.0,1.8288030624389648,0.9427588582038879,0.8636103272438049,0.49326270818710327,0.5231006145477295,1.6433463096618652,0.5288043022155762,7.394586563110352,12.138818740844727,000214,7866.0,-0.5799803137779236,1.7599619626998901,1.598332166671753,2.0855679512023926,bevflow_lidar_only,0.944280743598938,0.8944430947303772,0.9735385179519653,0.9167302250862122,7407.0,20.0,0.0,0,20262001,8224.0
0.5307968258857727,0.8031772375106812,9252.0,2.0767109394073486,0.914779007434845,0.7158452272415161,0.49581179022789,0.5394524931907654,1.654625415802002,0.5463534593582153,7.2950944900512695,12.159101486206055,000214,11609.0,-0.5133169293403625,1.9954206943511963,1.525383710861206,1.9637055397033691,bevflow_lidar_only,0.8385473489761353,0.7219815254211426,0.9340101480484009,0.7607890367507935,9456.0,35.0,20.0,0,20262001,16988.0
0.5947816967964172,0.7477941513061523,13705.0,2.7191944122314453,0.9315485954284668,0.6245895624160767,0.5314390659332275,0.5941126942634583,1.1288204193115234,0.5739762187004089,8.295173645019531,12.860395431518555,000214,15965.0,-1.1508351564407349,2.642098903656006,2.029604196548462,2.6025280952453613,bevflow_lidar_only,0.7823471426963806,0.6425042152404785,0.9441296458244324,0.6678985357284546,11294.0,50.0,35.0,0,20262001,26256.0
0.7453984022140503,0.0,4202.0,3.2742764949798584,1.0,0.0,0.4252311885356903,0.5950595140457153,0.17733682692050934,0.46033167839050293,6.029102325439453,9.500514030456543,000428,7913.0,-0.7516605854034424,2.10988450050354,0.7914325594902039,1.4966477155685425,lidar_input,0.6381222605705261,0.4685606062412262,0.9981172680854797,0.46897509694099426,3718.0,20.0,0.0,,input,8224.0
0.7590572834014893,0.0,9622.0,3.2675249576568604,1.0,0.0,0.5134365558624268,0.6991139054298401,0.08954931050539017,0.6219184994697571,7.2334513664245605,10.567280769348145,000428,12719.0,-0.7846536636352539,2.6680142879486084,0.8054070472717285,1.4282773733139038,lidar_input,0.3915049731731415,0.24339830875396729,0.9983881115913391,0.24349398910999298,3102.0,35.0,20.0,,input,16988.0
0.693234384059906,0.0,11765.0,2.898959159851074,1.0,0.0,0.5552231669425964,0.6760247349739075,0.050984419882297516,0.7488166093826294,7.5102410316467285,10.591341018676758,000428,13425.0,-0.7550563812255859,2.636202573776245,0.773955225944519,1.1972852945327759,lidar_input,0.21999867260456085,0.12359467148780823,0.9963985681533813,0.12364991009235382,1666.0,50.0,35.0,,input,26256.0
0.5389015674591064,0.8588719367980957,4202.0,2.042236089706421,0.9357463717460632,0.7936697006225586,0.4869496524333954,0.5317333936691284,1.3376048803329468,0.4972098469734192,7.5662713050842285,12.152530670166016,000428,7913.0,-0.2916256785392761,1.8016644716262817,1.5217335224151611,1.996382713317871,bevflow_lidar_only,0.9147689938545227,0.842925488948822,0.9667839407920837,0.8680652379989624,7105.0,20.0,0.0,0,20263001,8224.0
0.5745899081230164,0.7930952906608582,9622.0,2.0873405933380127,0.9238529801368713,0.6947619915008545,0.49923786520957947,0.5731000900268555,1.3504585027694702,0.5489448308944702,8.096712112426758,12.994094848632812,000428,12719.0,-0.14882922172546387,1.9835796356201172,1.6085419654846191,2.044656753540039,bevflow_lidar_only,0.8398374319076538,0.723896324634552,0.9453955292701721,0.7554839253425598,10164.0,35.0,20.0,0,20263001,16988.0
0.5697641372680664,0.726500928401947,11765.0,2.0070998668670654,0.8160627484321594,0.6546536087989807,0.5206973552703857,0.586641252040863,1.568744421005249,0.586779773235321,7.782045364379883,12.870460510253906,000428,13425.0,0.06797948479652405,1.9920635223388672,1.6541669368743896,2.1117537021636963,bevflow_lidar_only,0.756885290145874,0.6088619232177734,0.8413667678833008,0.6878212094306946,10975.0,50.0,35.0,0,20263001,26256.0
0.9848318696022034,0.0,2981.0,3.3014001846313477,1.0,0.0,0.4951418340206146,0.7456533908843994,0.2052682340145111,0.4807403087615967,10.485403060913086,15.327885627746582,000643,5824.0,-0.5164825320243835,1.9545574188232422,0.5423383712768555,1.0989834070205688,lidar_input,0.6559002995491028,0.48798489570617676,0.999297022819519,0.48815247416496277,2845.0,20.0,0.0,,input,8224.0
1.052731990814209,0.0,3508.0,3.5680689811706543,1.0,0.0,0.8074979186058044,1.0000407695770264,0.0563519261777401,0.6510745882987976,18.639583587646484,23.3960018157959,000643,4468.0,-0.5677734613418579,2.9257266521453857,0.5784996151924133,0.9152655005455017,lidar_input,0.35372141003608704,0.21486122906208038,1.0,0.21486122906208038,960.0,35.0,20.0,,input,16988.0
1.1258758306503296,0.0,3821.0,3.595557689666748,1.0,0.0,0.8896244168281555,1.1015794277191162,0.019147230312228203,0.820758044719696,19.605022430419922,24.700441360473633,000643,4259.0,-0.534710705280304,3.282489776611328,0.5513652563095093,0.8453524112701416,lidar_input,0.18650202453136444,0.10284104198217392,1.0,0.10284104198217392,438.0,50.0,35.0,,input,26256.0
0.6725091338157654,0.7750754356384277,2981.0,2.2132067680358887,0.8231523633003235,0.732304573059082,0.5348963737487793,0.6219414472579956,1.1005003452301025,0.4933170676231384,11.935714721679688,17.10784339904785,000643,5824.0,0.264403760433197,1.9240885972976685,1.5809035301208496,2.023961305618286,bevflow_lidar_only,0.8759932518005371,0.7793486714363098,0.9124047160148621,0.8423763513565063,5377.0,20.0,0.0,0,20264001,8224.0
0.6682183146476746,0.7373676896095276,3508.0,2.3713228702545166,0.7856221795082092,0.6946978569030762,0.5294678807258606,0.6455111503601074,1.0197646617889404,0.49506786465644836,12.536178588867188,17.683671951293945,000643,4468.0,0.2927895486354828,2.2235653400421143,1.5834203958511353,2.018829584121704,bevflow_lidar_only,0.7913821339607239,0.654782772064209,0.8348236680030823,0.7522381544113159,4026.0,35.0,20.0,0,20264001,16988.0
0.7451827526092529,0.7654004096984863,3821.0,2.4598588943481445,0.8385286927223206,0.704004168510437,0.5969260334968567,0.704641580581665,0.801595151424408,0.569353461265564,12.879313468933105,18.21980094909668,000643,4259.0,0.2352815568447113,2.4026641845703125,1.7114101648330688,2.191347360610962,bevflow_lidar_only,0.7877172827720642,0.6497802138328552,0.8569850921630859,0.7288095951080322,3622.0,50.0,35.0,0,20264001,26256.0
1.0134646892547607,0.0,2614.0,3.1821861267089844,1.0,0.0,0.4634888470172882,0.740703821182251,0.2235202044248581,0.4759196639060974,10.223950386047363,15.064248085021973,000857,5186.0,-0.3986113965511322,1.8158835172653198,0.4272696077823639,0.8296422362327576,lidar_input,0.6630574464797974,0.4959506392478943,1.0,0.4959506392478943,2572.0,20.0,0.0,,input,8224.0
1.013368010520935,0.0,3493.0,3.4376657009124756,1.0,0.0,0.8132290840148926,0.9732394218444824,0.0623907707631588,0.6426448225975037,19.730592727661133,24.492238998413086,000857,4369.0,-0.6181423664093018,2.8760945796966553,0.6368628144264221,1.0269056558609009,lidar_input,0.3340323865413666,0.20050354301929474,1.0,0.20050354301929474,876.0,35.0,20.0,,input,16988.0
1.120789647102356,0.0,4345.0,3.3474299907684326,1.0,0.0,1.0004733800888062,1.1123446226119995,0.013065064325928688,0.8538509607315063,24.844511032104492,29.735673904418945,000857,4673.0,-0.7621835470199585,3.1668317317962646,0.7744613289833069,1.0995640754699707,lidar_input,0.131173774600029,0.07019045948982239,1.0,0.07019045948982239,328.0,50.0,35.0,,input,26256.0
0.5990962386131287,0.8248419165611267,2614.0,1.846801519393921,0.8024601936340332,0.8485080599784851,0.5187681317329407,0.5890430808067322,1.2172545194625854,0.46597862243652344,12.110163688659668,17.384199142456055,000857,5186.0,0.36735138297080994,1.7046444416046143,1.4821840524673462,1.898942232131958,bevflow_lidar_only,0.8983278870582581,0.8154221773147583,0.8954023122787476,0.9012726545333862,5220.0,20.0,0.0,0,20265001,8224.0
0.6087762117385864,0.8029090166091919,3493.0,2.0921287536621094,0.816085159778595,0.7901517152786255,0.5327730774879456,0.6157857179641724,1.1015894412994385,0.4890702962875366,11.96397876739502,17.14129066467285,000857,4369.0,0.2686628997325897,2.022611618041992,1.5870906114578247,2.0354130268096924,bevflow_lidar_only,0.8382216691970825,0.7214986681938171,0.8527113199234009,0.8242160677909851,4223.0,35.0,20.0,0,20265001,16988.0
0.8167170286178589,0.7140390872955322,4345.0,2.604158878326416,0.8442211151123047,0.6186420917510986,0.5637908577919006,0.7810450792312622,0.6380115151405334,0.6498589515686035,11.605006217956543,17.278390884399414,000857,4673.0,0.23177433013916016,2.5599350929260254,1.748704195022583,2.2369260787963867,bevflow_lidar_only,0.7338641285896301,0.579609215259552,0.8579610586166382,0.6411299109458923,3492.0,50.0,35.0,0,20265001,26256.0
0.772262454032898,0.0,3614.0,2.9192404747009277,1.0,0.0,0.4103858768939972,0.5789619088172913,0.20223557949066162,0.4413025379180908,5.264848232269287,8.245464324951172,001071,7756.0,-0.41122791171073914,1.5993133783340454,0.4476437568664551,1.0162999629974365,lidar_input,0.6960175037384033,0.5337628722190857,0.9990352392196655,0.5340381860733032,4146.0,20.0,0.0,,input,8224.0
0.7976543307304382,0.0,8541.0,3.549994945526123,1.0,0.0,0.5421760082244873,0.74379563331604,0.08357040584087372,0.6621716618537903,8.081534385681152,11.110547065734863,001071,10810.0,-0.49240222573280334,2.9159281253814697,0.5291650891304016,0.9954584836959839,lidar_input,0.3467828333377838,0.20976240932941437,0.9969244003295898,0.20989824831485748,2276.0,35.0,20.0,,input,16988.0
0.8262527585029602,0.0,8721.0,3.368924140930176,1.0,0.0,0.6956680417060852,0.8062103986740112,0.045578088611364365,0.7156448364257812,10.534010887145996,13.5830659866333,001071,10294.0,-0.5642669796943665,2.9467082023620605,0.6058656573295593,1.023593783378601,lidar_input,0.2650602161884308,0.1527777761220932,0.9987301826477051,0.15280745923519135,1575.0,50.0,35.0,,input,26256.0
0.5270705819129944,0.8992270827293396,3614.0,1.6095354557037354,0.9714193940162659,0.8370226621627808,0.4774271547794342,0.5067636966705322,1.497558832168579,0.4751473665237427,7.9028825759887695,12.504018783569336,001071,7756.0,-0.017488161101937294,1.4759306907653809,1.311087965965271,1.7090415954589844,bevflow_lidar_only,0.9435206651687622,0.8930801749229431,0.9871813058853149,0.9035585522651672,7099.0,20.0,0.0,0,20266001,8224.0
0.6351790428161621,0.6928272843360901,8541.0,2.5988261699676514,0.7688463926315308,0.6304882168769836,0.5327999591827393,0.635338544845581,1.3613530397415161,0.5832290649414062,9.03134536743164,14.102594375610352,001071,10810.0,0.0799829289317131,2.4223783016204834,1.695684790611267,2.1616225242614746,bevflow_lidar_only,0.7526083588600159,0.6033456921577454,0.8220468759536743,0.6939870715141296,9126.0,35.0,20.0,0,20266001,16988.0
0.6658270955085754,0.677223265171051,8721.0,2.7474005222320557,0.8113992810249329,0.5811260342597961,0.5671746134757996,0.6653896570205688,1.2139593362808228,0.6064212322235107,9.832427024841309,15.005860328674316,001071,10294.0,0.19394758343696594,2.603851556777954,1.9218271970748901,2.388561725616455,bevflow_lidar_only,0.7267380952835083,0.5707687139511108,0.847328245639801,0.6361958384513855,7729.0,50.0,35.0,0,20266001,26256.0
0.8504935503005981,0.0,3437.0,3.0779812335968018,1.0,0.0,0.41169431805610657,0.6350025534629822,0.21233300864696503,0.46924108266830444,6.208622455596924,9.579208374023438,001285,6754.0,-0.2988237142562866,1.7253994941711426,0.3238849937915802,0.685049831867218,lidar_input,0.6586576700210571,0.49104365706443787,0.9996986389160156,0.49111637473106384,3318.0,20.0,0.0,,input,8224.0
0.8895775079727173,0.0,7297.0,3.344960927963257,1.0,0.0,0.5581539273262024,0.8192756175994873,0.08006405085325241,0.6812959909439087,9.064253807067871,12.679049491882324,001285,9258.0,-0.5720813870429993,2.7603087425231934,0.5847817063331604,1.0994594097137451,lidar_input,0.3495232164859772,0.21177105605602264,0.9989811778068542,0.21181680262088776,1963.0,35.0,20.0,,input,16988.0
0.9584112763404846,0.0,5664.0,3.6768391132354736,1.0,0.0,0.7637628316879272,0.9349568486213684,0.030649768188595772,0.7889848947525024,14.22680377960205,17.9377498626709,001285,6440.0,-0.5593055486679077,3.303722381591797,0.5803518295288086,0.8591022491455078,lidar_input,0.21507760882377625,0.12049689143896103,1.0,0.12049689143896103,776.0,50.0,35.0,,input,26256.0
0.5708152651786804,0.8395903706550598,3437.0,1.8475875854492188,0.899302065372467,0.7873145341873169,0.493833988904953,0.5524652004241943,1.3408151865005493,0.48629090189933777,8.877957344055176,13.583236694335938,001285,6754.0,0.1313682347536087,1.6058846712112427,1.291641116142273,1.665611982345581,bevflow_lidar_only,0.906075656414032,0.828279972076416,0.9505690932273865,0.8655611276626587,6150.0,20.0,0.0,0,20267001,8224.0
0.6537865400314331,0.7555218935012817,7297.0,2.2521471977233887,0.846716582775116,0.6820611357688904,0.5332773923873901,0.6457427144050598,1.2457994222640991,0.5706855058670044,9.810419082641602,14.906822204589844,001285,9258.0,0.15267057716846466,2.144873857498169,1.5784598588943481,2.022969961166382,bevflow_lidar_only,0.8027339577674866,0.6704724431037903,0.8830697536468506,0.7357960939407349,7714.0,35.0,20.0,0,20267001,16988.0
0.7778121829032898,0.6671110391616821,5664.0,2.6615118980407715,0.724059522151947,0.6184675097465515,0.6207210421562195,0.7678037285804749,1.036553978919983,0.6641076803207397,11.9210786819458,17.10582733154297,001285,6440.0,0.06519781053066254,2.5874691009521484,1.8292416334152222,2.321833372116089,bevflow_lidar_only,0.7048142552375793,0.5441800355911255,0.7601509094238281,0.6569875478744507,5566.0,50.0,35.0,0,20267001,26256.0
0.8294581174850464,0.0,3392.0,3.2936251163482666,1.0,0.0,0.42000019550323486,0.5993961095809937,0.19157761335372925,0.45703548192977905,5.558904647827148,8.637307167053223,001499,7738.0,-0.6145033836364746,1.81197988986969,0.6555739045143127,1.2674384117126465,lidar_input,0.7189412713050842,0.5612086653709412,0.9986213445663452,0.5616438388824463,4352.0,20.0,0.0,,input,8224.0
0.8341756463050842,0.0,7539.0,3.4239377975463867,1.0,0.0,0.5735973119735718,0.7697848081588745,0.07705241441726685,0.6493396759033203,8.522285461425781,12.02501106262207,001499,10007.0,-0.7098441123962402,2.76029109954834,0.7330502271652222,1.2240508794784546,lidar_input,0.39557620882987976,0.2465534508228302,0.9987859129905701,0.24662736058235168,2471.0,35.0,20.0,,input,16988.0
0.8507376313209534,0.0,7216.0,3.4383275508880615,1.0,0.0,0.6585549712181091,0.8237109184265137,0.046592794358730316,0.7410979866981506,11.036502838134766,14.632771492004395,001499,8394.0,-0.8054853081703186,3.071329355239868,0.8232298493385315,1.2718050479888916,lidar_input,0.24610884487628937,0.14032162725925446,0.9991518259048462,0.14033833146095276,1179.0,50.0,35.0,,input,26256.0
0.5190825462341309,0.913212239742279,3392.0,1.7336794137954712,0.9645785689353943,0.8670400977134705,0.47719815373420715,0.5092949271202087,1.440746784210205,0.45767906308174133,8.187417984008789,12.81989860534668,001499,7738.0,-0.15684443712234497,1.5585391521453857,1.3764175176620483,1.792962908744812,bevflow_lidar_only,0.9495652318000793,0.9039735198020935,0.9841930270195007,0.9172912836074829,7212.0,20.0,0.0,0,20268001,8224.0
0.6044928431510925,0.7920531630516052,7539.0,2.21751070022583,0.881339430809021,0.7191935181617737,0.5269320607185364,0.6010027527809143,1.2557181119918823,0.5498839616775513,9.157845497131348,14.062689781188965,001499,10007.0,-0.10321637988090515,2.080977439880371,1.5713400840759277,2.0204358100891113,bevflow_lidar_only,0.8385422229766846,0.7219739556312561,0.9136326313018799,0.7748575806617737,8487.0,35.0,20.0,0,20268001,16988.0
0.6252937912940979,0.7523977160453796,7216.0,2.3690578937530518,0.8428743481636047,0.6794623136520386,0.5329815149307251,0.6272230744361877,1.1422826051712036,0.5639141798019409,8.876507759094238,13.55844497680664,001499,8394.0,0.06118851155042648,2.2979164123535156,1.6674041748046875,2.121981382369995,bevflow_lidar_only,0.78456711769104,0.645504355430603,0.8678509593009949,0.7158684730529785,6924.0,50.0,35.0,0,20268001,26256.0
0.8239853978157043,0.0,3222.0,3.4753408432006836,1.0,0.0,0.3897174000740051,0.5734642744064331,0.21875809133052826,0.4769288897514343,4.440847873687744,6.496093273162842,001714,7609.0,-0.9566095471382141,2.0436744689941406,0.9921979904174805,1.6389504671096802,lidar_input,0.7306186556816101,0.5755707025527954,0.9970454573631287,0.5765540599822998,4400.0,20.0,0.0,,input,8224.0
0.7636862993240356,0.0,9221.0,3.3593859672546387,1.0,0.0,0.4961172044277191,0.7026227116584778,0.08026359230279922,0.6831878423690796,5.9512739181518555,8.36156940460205,001714,11930.0,-1.010679841041565,2.830488443374634,1.0302064418792725,1.6119645833969116,lidar_input,0.369829386472702,0.22686542570590973,0.9959558844566345,0.22707460820674896,2720.0,35.0,20.0,,input,16988.0
0.7617800831794739,0.0,11462.0,3.2708094120025635,1.0,0.0,0.5898959636688232,0.743905782699585,0.03954649344086647,0.8061057329177856,8.342529296875,10.925909042358398,001714,12767.0,-1.0591497421264648,3.046875476837158,1.0800342559814453,1.6414401531219482,lidar_input,0.18532982468605042,0.10212866216897964,0.9916413426399231,0.10221665352582932,1316.0,50.0,35.0,,input,26256.0
0.5495936870574951,0.8991072773933411,3222.0,1.9526031017303467,0.9830570816993713,0.8283674716949463,0.47179079055786133,0.5105296969413757,1.3285138607025146,0.493055522441864,7.355144500732422,11.580491065979004,001714,7609.0,-0.5731036067008972,1.7498564720153809,1.5400800704956055,2.00185489654541,bevflow_lidar_only,0.9467682838439941,0.8989174365997314,0.9916546940803528,0.9057694673538208,6950.0,20.0,0.0,0,20269001,8224.0
0.5715681910514832,0.8292888402938843,9221.0,2.093430519104004,0.9294466376304626,0.7486172914505005,0.5149702429771423,0.5719563364982605,1.5014249086380005,0.5493212342262268,8.200879096984863,13.127579689025879,001714,11930.0,-0.2874257266521454,2.013033151626587,1.6390947103500366,2.0996763706207275,bevflow_lidar_only,0.8641728162765503,0.7608311772346497,0.9466906189918518,0.7948868274688721,10017.0,35.0,20.0,0,20269001,16988.0
0.615786075592041,0.7190459370613098,11462.0,2.3147387504577637,0.8978445529937744,0.5996335744857788,0.5491003394126892,0.6177220940589905,1.1893491744995117,0.6184632182121277,8.72314453125,13.684391021728516,001714,12767.0,-0.08211637288331985,2.2719180583953857,1.7696503400802612,2.256415367126465,bevflow_lidar_only,0.7479569315910339,0.5973891615867615,0.9109311699867249,0.6344481706619263,8892.0,50.0,35.0,0,20269001,26256.0
0.7248793840408325,0.0,3534.0,2.8648364543914795,1.0,0.0,0.33614519238471985,0.5233322978019714,0.237169086933136,0.4632325768470764,3.785695791244507,6.271342754364014,001928,7337.0,-0.38412630558013916,1.604705572128296,0.43370866775512695,0.9988179802894592,lidar_input,0.6822748780250549,0.5177671909332275,0.9979007840156555,0.51833176612854,3811.0,20.0,0.0,,input,8224.0
0.807415246963501,0.0,8392.0,3.1942880153656006,1.0,0.0,0.5451780557632446,0.7468578815460205,0.07251060754060745,0.6743241548538208,7.982484340667725,11.674800872802734,001928,10904.0,-0.7653419971466064,2.639777898788452,0.7872903347015381,1.4620063304901123,lidar_input,0.3743666112422943,0.23028969764709473,0.998410165309906,0.23037417232990265,2516.0,35.0,20.0,,input,16988.0
0.837398886680603,0.0,9370.0,3.197894811630249,1.0,0.0,0.5607380867004395,0.7936678528785706,0.05982847511768341,0.7533013820648193,8.218588829040527,11.282504081726074,001928,11113.0,-0.7224059700965881,2.8135476112365723,0.7473776340484619,1.260403037071228,lidar_input,0.2709677219390869,0.15671642124652863,0.9948630332946777,0.15684333443641663,1752.0,50.0,35.0,,input,26256.0
0.49610909819602966,0.902209997177124,3534.0,1.6144307851791382,0.9215107560157776,0.8837012052536011,0.46578484773635864,0.4993950128555298,1.618088960647583,0.4992879629135132,6.838263034820557,11.36166000366211,001928,7337.0,0.11979559808969498,1.4651834964752197,1.3090535402297974,1.7066617012023926,bevflow_lidar_only,0.9384937286376953,0.8841150999069214,0.9608739018440247,0.9171323180198669,7003.0,20.0,0.0,0,20270001,8224.0
0.5726255774497986,0.830030620098114,8392.0,2.107292890548706,0.8729783296585083,0.7911105751991272,0.5020411610603333,0.5806481242179871,1.2614961862564087,0.5567095279693604,8.017789840698242,12.82638931274414,001928,10904.0,0.10679569840431213,2.018453598022461,1.6698570251464844,2.140733480453491,bevflow_lidar_only,0.8627525568008423,0.7586323022842407,0.902786135673523,0.8261188268661499,9978.0,35.0,20.0,0,20270001,16988.0
0.6003899574279785,0.74113929271698,9370.0,2.1337790489196777,0.719292938709259,0.7643543481826782,0.5271238684654236,0.6309475302696228,1.354658842086792,0.6066024303436279,8.232133865356445,13.032567024230957,001928,11113.0,-0.012009105645120144,2.0971693992614746,1.755313515663147,2.261091947555542,bevflow_lidar_only,0.7749999761581421,0.6326530575752258,0.7585077881813049,0.7922253012657166,11607.0,50.0,35.0,0,20270001,26256.0
1.0180375576019287,0.0,3650.0,3.547207832336426,1.0,0.0,0.5496619939804077,0.8191403746604919,0.17671574652194977,0.5009804964065552,12.804009437561035,17.512451171875,002142,6344.0,-0.71694415807724,2.3524842262268066,0.7337973117828369,1.301229476928711,lidar_input,0.5961495637893677,0.42465320229530334,1.0,0.42465320229530334,2694.0,20.0,0.0,,input,8224.0
0.9626551270484924,0.0,4514.0,3.5880796909332275,1.0,0.0,0.7008520364761353,0.9200828671455383,0.06076224148273468,0.699552059173584,15.213059425354004,19.581035614013672,002142,5387.0,-0.6224441528320312,3.1083836555480957,0.6280326247215271,0.9808913469314575,lidar_input,0.27882465720176697,0.16199666261672974,0.9977142810821533,0.1620568037033081,875.0,35.0,20.0,,input,16988.0
1.0298881530761719,0.0,4256.0,3.399402141571045,1.0,0.0,0.8114939332008362,1.0182760953903198,0.013585221022367477,0.8962283134460449,17.179916381835938,22.585403442382812,002142,4495.0,-0.7547965049743652,3.2591562271118164,0.7617264986038208,1.194844126701355,lidar_input,0.10097169131040573,0.05317018926143646,1.0,0.05317018926143646,239.0,50.0,35.0,,input,26256.0
0.6642812490463257,0.7652987241744995,3650.0,2.299072027206421,0.8195183277130127,0.7178082466125488,0.5285245776176453,0.6300865411758423,0.984101414680481,0.47025883197784424,11.633135795593262,16.398921966552734,002142,6344.0,-0.004067807924002409,2.0447351932525635,1.651286244392395,2.099855422973633,bevflow_lidar_only,0.8577322959899902,0.7509030699729919,0.9000692963600159,0.81919926404953,5774.0,20.0,0.0,0,20271001,8224.0
0.7497828006744385,0.5664684772491455,4514.0,2.6366121768951416,0.611396312713623,0.5276916027069092,0.5700942873954773,0.7553969025611877,1.172345519065857,0.5999119281768799,12.062371253967285,17.376440048217773,002142,5387.0,-0.01352302823215723,2.5023536682128906,1.712748408317566,2.156947612762451,bevflow_lidar_only,0.6337456703186035,0.4638562798500061,0.6786773800849915,0.5943939089775085,4718.0,35.0,20.0,0,20271001,16988.0
0.8819025158882141,0.4370061755180359,4256.0,2.8604321479797363,0.5622920393943787,0.357377827167511,0.6220130324363708,0.8549831509590149,0.6387761235237122,0.7514075040817261,12.18066692352295,17.673383712768555,002142,4495.0,-0.2876001000404358,2.8109025955200195,1.8301551342010498,2.321821451187134,bevflow_lidar_only,0.4688595235347748,0.30621588230133057,0.594936728477478,0.38687431812286377,2923.0,50.0,35.0,0,20271001,26256.0
1.0179845094680786,0.0,3596.0,3.168079376220703,1.0,0.0,0.5017759799957275,0.8518312573432922,0.19301722943782806,0.5676304697990417,11.25615406036377,15.16669750213623,002356,5302.0,-0.3362058103084564,2.26214599609375,0.3525697588920593,0.7444721460342407,lidar_input,0.4868026375770569,0.3217046856880188,0.9994142055511475,0.32176536321640015,1707.0,20.0,0.0,,input,8224.0
1.0346657037734985,0.0,4091.0,3.70251202583313,1.0,0.0,0.70809406042099,0.97486811876297,0.08870476484298706,0.6728348135948181,18.16030502319336,22.74894905090332,002356,5008.0,-0.5004003643989563,3.1195528507232666,0.5188060998916626,0.8206758499145508,lidar_input,0.3095358610153198,0.18310703337192535,1.0,0.18310703337192535,917.0,35.0,20.0,,input,16988.0
1.157977819442749,0.0,3704.0,4.100656032562256,1.0,0.0,0.9540026187896729,1.1420282125473022,0.01697561703622341,0.846257209777832,24.309677124023438,28.999221801757812,002356,4014.0,-0.7969555258750916,3.84639835357666,0.8084295392036438,1.221021056175232,lidar_input,0.14335258305072784,0.07721046358346939,0.9967845678329468,0.07722969353199005,311.0,50.0,35.0,,input,26256.0
0.7015798687934875,0.6978937387466431,3596.0,2.387925148010254,0.8026030659675598,0.6173526048660278,0.537179708480835,0.6824246644973755,1.1244425773620605,0.5035831928253174,12.534822463989258,17.72859001159668,002356,5302.0,0.8465297818183899,2.2341980934143066,1.7433706521987915,2.2411601543426514,bevflow_lidar_only,0.7924022078514099,0.6561805605888367,0.8752565383911133,0.7238777875900269,4385.0,20.0,0.0,0,20272001,8224.0
0.6948239207267761,0.6737812757492065,4091.0,2.6197304725646973,0.7307802438735962,0.6250305771827698,0.5533344149589539,0.7158181071281433,1.0516282320022583,0.5394304990768433,12.697042465209961,17.835853576660156,002356,5008.0,0.26677507162094116,2.5073468685150146,1.7154245376586914,2.168856620788574,bevflow_lidar_only,0.7294469475746155,0.5741176605224609,0.7838457822799683,0.6821086406707764,4358.0,35.0,20.0,0,20272001,16988.0
0.782229483127594,0.6733893752098083,3704.0,3.009730100631714,0.699650764465332,0.6490280628204346,0.6072679162025452,0.7643318176269531,0.75432288646698,0.6052736043930054,13.41850757598877,18.83005142211914,002356,4014.0,-0.42675265669822693,2.9304022789001465,1.9850116968154907,2.505885601043701,bevflow_lidar_only,0.6967076063156128,0.5345749855041504,0.7231305241584778,0.6721475124359131,3731.0,50.0,35.0,0,20272001,26256.0
1.034462809562683,0.0,2488.0,3.618072509765625,1.0,0.0,0.5006299614906311,0.7504001259803772,0.2040332853794098,0.4750581383705139,10.54384708404541,15.538905143737793,002571,5316.0,-0.776439368724823,2.116940498352051,0.7962839007377625,1.5447015762329102,lidar_input,0.6944136619567871,0.5318788886070251,0.9996465444564819,0.5319789052009583,2829.0,20.0,0.0,,input,8224.0
0.967322051525116,0.0,4649.0,2.72473406791687,1.0,0.0,0.5751740336418152,0.9105283617973328,0.05290796607732773,0.7830245494842529,10.906888008117676,16.605682373046875,002571,5433.0,-0.511343240737915,2.408599853515625,0.5339733958244324,1.0703941583633423,lidar_input,0.2521305978298187,0.14425022900104523,0.9974554777145386,0.1443033367395401,786.0,35.0,20.0,,input,16988.0
1.0170423984527588,0.0,5370.0,2.86929988861084,1.0,0.0,0.8897733092308044,1.0043859481811523,0.030051643028855324,0.7772959470748901,20.396289825439453,24.84783363342285,002571,5963.0,-0.47339943051338196,2.6336939334869385,0.5001273155212402,0.8085047602653503,lidar_input,0.18090300261974335,0.09944658726453781,1.0,0.09944658726453781,593.0,50.0,35.0,,input,26256.0
0.6663282513618469,0.7533988356590271,2488.0,2.4974396228790283,0.7854339480400085,0.723874568939209,0.5147659182548523,0.6132964491844177,0.9982750415802002,0.4739682674407959,11.198932647705078,16.212512969970703,002571,5316.0,-0.0611242949962616,2.0741069316864014,1.68594229221344,2.210500717163086,bevflow_lidar_only,0.8744429349899292,0.7768979072570801,0.9015181660652161,0.8489465713500977,5006.0,20.0,0.0,0,20273001,8224.0
0.6594766974449158,0.7180922031402588,4649.0,2.0061025619506836,0.8266106247901917,0.6347601413726807,0.5246963500976562,0.6461836695671082,0.9641265273094177,0.5734882354736328,10.225796699523926,15.54195499420166,002571,5433.0,0.3011064827442169,1.9529390335083008,1.6222951412200928,2.0844099521636963,bevflow_lidar_only,0.7572117447853088,0.6092846393585205,0.8560817241668701,0.6788146495819092,4308.0,35.0,20.0,0,20273001,16988.0
0.6880701780319214,0.7592554688453674,5370.0,2.0103037357330322,0.8421052694320679,0.6912477016448975,0.5709384679794312,0.6783918142318726,0.9620148539543152,0.5621101260185242,11.790430068969727,17.0860595703125,002571,5963.0,0.4560568332672119,1.9953505992889404,1.7325389385223389,2.185912609100342,bevflow_lidar_only,0.7828550934791565,0.6431896686553955,0.8602129220962524,0.7182626128196716,4979.0,50.0,35.0,0,20273001,26256.0
0.8309550285339355,0.0,3636.0,3.088430881500244,1.0,0.0,0.44771748781204224,0.6496538519859314,0.2067706286907196,0.44465017318725586,7.990808963775635,12.173355102539062,002785,6900.0,-0.6369754076004028,1.9404995441436768,0.6617377996444702,1.2870842218399048,lidar_input,0.6422036290168762,0.4729749262332916,0.9996936917304993,0.4730434715747833,3265.0,20.0,0.0,,input,8224.0
0.8260407447814941,0.0,8181.0,3.3695719242095947,1.0,0.0,0.6595966219902039,0.797053873538971,0.06964756548404694,0.6607516407966614,11.5177640914917,15.123140335083008,002785,9898.0,-0.7021920680999756,2.911092758178711,0.7265724539756775,1.248239517211914,lidar_input,0.2955758571624756,0.17341682314872742,0.9982557892799377,0.1734693944454193,1720.0,35.0,20.0,,input,16988.0
0.8224911093711853,0.0,8093.0,3.2534172534942627,1.0,0.0,0.7897878289222717,0.8197085857391357,0.02816440723836422,0.7817512154579163,14.282225608825684,18.459976196289062,002785,8830.0,-0.850631833076477,3.0566389560699463,0.8958146572113037,1.5198296308517456,lidar_input,0.15405519306659698,0.08345600962638855,0.998645007610321,0.08346545696258545,738.0,50.0,35.0,,input,26256.0
0.5649110674858093,0.7932664155960083,3636.0,1.9556714296340942,0.8565050959587097,0.738723874092102,0.49662458896636963,0.5573506951332092,1.2045283317565918,0.47928816080093384,9.125166893005371,13.878716468811035,002785,6900.0,-0.05287523940205574,1.7592912912368774,1.4896080493927002,1.929594874382019,bevflow_lidar_only,0.8805298805236816,0.7865596413612366,0.9276431798934937,0.837971031665802,6233.0,20.0,0.0,0,20274001,8224.0
0.5754629969596863,0.7870846390724182,8181.0,2.1510205268859863,0.8685452938079834,0.7195941805839539,0.5141385197639465,0.5874955058097839,1.2521330118179321,0.5264774560928345,8.8116455078125,13.635143280029297,002785,9898.0,-0.2723838984966278,2.0774834156036377,1.7156845331192017,2.2374000549316406,bevflow_lidar_only,0.8205912709236145,0.6957650184631348,0.8937031030654907,0.7585370540618896,8401.0,35.0,20.0,0,20274001,16988.0
0.5923123359680176,0.7223215103149414,8093.0,2.2177999019622803,0.8143898248672485,0.6489558815956116,0.5231261849403381,0.5999825596809387,1.1384379863739014,0.5743635892868042,8.509127616882324,13.423468589782715,002785,8830.0,-0.3903256356716156,2.1994354724884033,1.7692211866378784,2.332045555114746,bevflow_lidar_only,0.7433583736419678,0.5915436744689941,0.8319775462150574,0.6718006730079651,7130.0,50.0,35.0,0,20274001,26256.0
0.8070225715637207,0.0,4546.0,3.3552498817443848,1.0,0.0,0.3914802670478821,0.6223219633102417,0.18559356033802032,0.5275446176528931,4.603026390075684,6.8096137046813965,002999,8181.0,-0.9064935445785522,2.2834012508392334,0.9429269433021545,1.629367709159851,lidar_input,0.615163266658783,0.4442135989665985,0.9994500875473022,0.4443221986293793,3637.0,20.0,0.0,,input,8224.0
0.7385475039482117,0.0,11062.0,2.9582390785217285,1.0,0.0,0.43029800057411194,0.6814742684364319,0.0872984305024147,0.7170390486717224,5.540087699890137,8.458891868591309,002999,13569.0,-0.46597203612327576,2.505121946334839,0.5057675242424011,1.0909159183502197,lidar_input,0.31179654598236084,0.18469132483005524,0.9980095624923706,0.18475937843322754,2512.0,35.0,20.0,,input,16988.0
0.708914041519165,0.0,13718.0,2.8234448432922363,1.0,0.0,0.5143018960952759,0.6884797215461731,0.0528431162238121,0.7716244459152222,7.772983074188232,11.808165550231934,002999,15317.0,-0.598409116268158,2.5938844680786133,0.624459981918335,1.1581964492797852,lidar_input,0.18898475170135498,0.1043529361486435,0.9962616562843323,0.10439381003379822,1605.0,50.0,35.0,,input,26256.0
0.5590562224388123,0.886831521987915,4546.0,1.9416859149932861,0.9937210083007812,0.8007039427757263,0.47887617349624634,0.5254665613174438,1.341428518295288,0.5056752562522888,7.383460521697998,11.928004264831543,002999,8181.0,-0.3838108777999878,1.8171988725662231,1.5811203718185425,2.0370841026306152,bevflow_lidar_only,0.927950918674469,0.8655861616134644,0.9964926838874817,0.8682312965393066,7128.0,20.0,0.0,0,20275001,8224.0
0.5469052195549011,0.8494503498077393,11062.0,1.8703571557998657,0.9243858456611633,0.7857530117034912,0.4958511292934418,0.555205762386322,1.5315189361572266,0.5517980456352234,7.336760520935059,12.322887420654297,002999,13569.0,0.10567648708820343,1.832021951675415,1.4962362051010132,1.9379181861877441,bevflow_lidar_only,0.8721329569816589,0.7732586860656738,0.9391260147094727,0.8140614628791809,11762.0,35.0,20.0,0,20275001,16988.0
0.5832380652427673,0.6858247518539429,13718.0,2.1602416038513184,0.863274335861206,0.5688875913619995,0.5013539791107178,0.5911388993263245,1.2466514110565186,0.61318439245224,7.051363468170166,11.955511093139648,002999,15317.0,0.17111548781394958,2.1338939666748047,1.6828837394714355,2.157433271408081,bevflow_lidar_only,0.7179526686668396,0.5600048303604126,0.8820395469665527,0.6053404808044434,10512.0,50.0,35.0,0,20275001,26256.0
0.8489503860473633,0.0,3393.0,3.2564902305603027,1.0,0.0,0.5236974358558655,0.6741993427276611,0.19474634528160095,0.41365161538124084,9.226520538330078,12.502063751220703,003213,7322.0,-0.5446571707725525,1.8174707889556885,0.5747647881507874,1.0434023141860962,lidar_input,0.6981166005134583,0.5362358689308167,0.9987290501594543,0.5366020202636719,3934.0,20.0,0.0,,input,8224.0
0.7744527459144592,0.0,8060.0,2.6889777183532715,1.0,0.0,0.6051589250564575,0.7511732578277588,0.0533093698322773,0.746133029460907,10.364143371582031,14.414440155029297,003213,9315.0,-0.5875951051712036,2.4079205989837646,0.6028851270675659,1.0235341787338257,lidar_input,0.23721766471862793,0.13457001745700836,0.9913111925125122,0.13472893834114075,1266.0,35.0,20.0,,input,16988.0
0.7915732264518738,0.0,6928.0,2.6367673873901367,1.0,0.0,0.7040925621986389,0.7840359210968018,0.021623283624649048,0.8327115774154663,11.180534362792969,15.089685440063477,003213,7565.0,-0.47992682456970215,2.457937240600586,0.5129821300506592,0.9838091135025024,lidar_input,0.15527118742465973,0.08417019248008728,0.995312511920929,0.0842035710811615,640.0,50.0,35.0,,input,26256.0
0.5786923766136169,0.7967177629470825,3393.0,1.970410943031311,0.8392041921615601,0.75832599401474,0.4966450333595276,0.5565932989120483,1.1893353462219238,0.45766884088516235,9.991848945617676,14.569697380065918,003213,7322.0,0.023672450333833694,1.7352873086929321,1.4964746236801147,1.9091432094573975,bevflow_lidar_only,0.8929632902145386,0.8066248893737793,0.9269547462463379,0.8613767027854919,6804.0,20.0,0.0,0,20276001,8224.0
0.6338108777999878,0.6037037372589111,8060.0,2.0788190364837646,0.7490808963775635,0.5055831074714661,0.5629446506500244,0.642200767993927,1.1164488792419434,0.6192553043365479,9.936996459960938,14.958518981933594,003213,9315.0,0.30701887607574463,2.0264182090759277,1.6282069683074951,2.0935065746307373,bevflow_lidar_only,0.6579195261001587,0.49022358655929565,0.7922588586807251,0.5625335574150085,6614.0,35.0,20.0,0,20276001,16988.0
0.6155356168746948,0.6249586343765259,6928.0,1.910499930381775,0.7310518026351929,0.5457563400268555,0.5618715286254883,0.6345577836036682,1.1131304502487183,0.6343398690223694,9.830114364624023,14.861909866333008,003213,7565.0,-0.0272462610155344,1.9012843370437622,1.7220405340194702,2.2040257453918457,bevflow_lidar_only,0.6554595828056335,0.4874972105026245,0.7581596970558167,0.5772637128829956,5760.0,50.0,35.0,0,20276001,26256.0
0.7672301530838013,0.0,3205.0,3.2107176780700684,1.0,0.0,0.46024131774902344,0.5934885740280151,0.18720248341560364,0.40295279026031494,6.852553367614746,10.526399612426758,003427,7376.0,-0.8927196264266968,1.9205554723739624,0.929193377494812,1.6343104839324951,lidar_input,0.7220010757446289,0.5649464726448059,0.9983245730400085,0.5654826760292053,4178.0,20.0,0.0,,input,8224.0
0.7850276827812195,0.0,7989.0,3.5107975006103516,1.0,0.0,0.6243991255760193,0.7427370548248291,0.08583790808916092,0.5870838761329651,10.242509841918945,13.70326042175293,003427,10826.0,-0.999818742275238,2.8578739166259766,1.0192395448684692,1.5892159938812256,lidar_input,0.4150998592376709,0.261909157037735,0.9978895783424377,0.26205432415008545,2843.0,35.0,20.0,,input,16988.0
0.7955446839332581,0.0,7297.0,3.5645673274993896,1.0,0.0,0.609028160572052,0.7736247181892395,0.03006826341152191,0.8079833984375,8.602105140686035,12.143960952758789,003427,8247.0,-1.0012245178222656,3.271864891052246,1.0236027240753174,1.7124032974243164,lidar_input,0.20638714730739594,0.11506783217191696,0.9906152486801147,0.11519340425729752,959.0,50.0,35.0,,input,26256.0
0.5103586316108704,0.8761089444160461,3205.0,1.760354995727539,0.8592859506607056,0.8936037421226501,0.4862232506275177,0.5291138291358948,1.5308665037155151,0.45931851863861084,8.680764198303223,13.53515625,003427,7376.0,-0.20457404851913452,1.6489815711975098,1.493926763534546,1.9578466415405273,bevflow_lidar_only,0.9334419965744019,0.8751910328865051,0.93522047996521,0.9316703081130981,7348.0,20.0,0.0,0,20277001,8224.0
0.6091699600219727,0.7250639796257019,7989.0,2.3904340267181396,0.7625690698623657,0.6910752058029175,0.5398460626602173,0.6203517317771912,1.2696235179901123,0.5676103830337524,9.425178527832031,14.257478713989258,003427,10826.0,-0.34190234541893005,2.207226037979126,1.739993691444397,2.2356650829315186,bevflow_lidar_only,0.7913135886192322,0.6546888947486877,0.8264936804771423,0.7590060830116272,9942.0,35.0,20.0,0,20277001,16988.0
0.6527377963066101,0.6004669070243835,7297.0,2.70790958404541,0.6420658230781555,0.5639303922653198,0.5869927406311035,0.6770309209823608,1.226262092590332,0.6807042360305786,9.0980806350708,13.988699913024902,003427,8247.0,-0.33898985385894775,2.630221128463745,2.004995822906494,2.5285210609436035,bevflow_lidar_only,0.6421628594398499,0.4729306995868683,0.6844127178192139,0.6048259735107422,7288.0,50.0,35.0,0,20277001,26256.0
0.9192098379135132,0.0,3532.0,3.10667085647583,1.0,0.0,0.4963439404964447,0.7691879272460938,0.18329375982284546,0.5433779358863831,9.922640800476074,13.818017959594727,003642,5471.0,-0.4792930781841278,2.179863691329956,0.4916311800479889,0.9595361948013306,lidar_input,0.5232056379318237,0.3542846739292145,0.9989696145057678,0.3544141948223114,1941.0,20.0,0.0,,input,8224.0
0.9678049087524414,0.0,5235.0,3.2782740592956543,1.0,0.0,0.7080429196357727,0.910763680934906,0.07586733996868134,0.657524824142456,15.050616264343262,19.059738159179688,003642,6697.0,-0.622901439666748,2.699885368347168,0.6288428902626038,0.9744415283203125,lidar_input,0.35820162296295166,0.21817639470100403,0.9972714781761169,0.21830670535564423,1466.0,35.0,20.0,,input,16988.0
0.9691666960716248,0.0,4130.0,3.291722059249878,1.0,0.0,0.8123956322669983,0.9447073936462402,0.04294276982545853,0.7193775177001953,16.193675994873047,19.987579345703125,003642,4889.0,-0.755259096622467,2.8988542556762695,0.761115550994873,1.0937789678573608,lidar_input,0.2687201201915741,0.15521472692489624,0.9986842274665833,0.15524646639823914,760.0,50.0,35.0,,input,26256.0
0.6964943408966064,0.7084100842475891,3532.0,2.345376491546631,0.7734584212303162,0.6534541249275208,0.5495138764381409,0.6737344264984131,1.1492137908935547,0.5347994565963745,11.64380931854248,16.92866325378418,003642,5471.0,0.3813342750072479,2.1064531803131104,1.5883533954620361,2.03104567527771,bevflow_lidar_only,0.8056715726852417,0.6745812296867371,0.8595109581947327,0.7581794857978821,4826.0,20.0,0.0,0,20278001,8224.0
0.6990127563476562,0.6575283408164978,5235.0,2.3296921253204346,0.7482330203056335,0.586437463760376,0.5547734498977661,0.6905468106269836,0.9302093386650085,0.5601211190223694,11.803723335266113,16.704744338989258,003642,6697.0,0.11775361001491547,2.206986904144287,1.649941086769104,2.1098763942718506,bevflow_lidar_only,0.7299450039863586,0.5747349262237549,0.8108354806900024,0.6637300252914429,5482.0,35.0,20.0,0,20278001,16988.0
0.6790660619735718,0.6112619638442993,4130.0,2.4255237579345703,0.5964063405990601,0.6268765330314636,0.5680403709411621,0.6936644315719604,1.2018508911132812,0.5792821645736694,11.991756439208984,16.979496002197266,003642,4889.0,0.26021307706832886,2.352902889251709,1.804553508758545,2.322563886642456,bevflow_lidar_only,0.6641190648078918,0.49713942408561707,0.6532146334648132,0.6753937602043152,5055.0,50.0,35.0,0,20278001,26256.0
0.8907261490821838,0.0,3930.0,3.174461841583252,1.0,0.0,0.45859938859939575,0.6956896185874939,0.18886223435401917,0.4962533414363861,7.6115241050720215,11.41337776184082,003856,7158.0,-0.6706167459487915,2.060335636138916,0.7039180994033813,1.3358032703399658,lidar_input,0.6213666796684265,0.45071208477020264,0.9987623691558838,0.45096394419670105,3232.0,20.0,0.0,,input,8224.0
0.9129499197006226,0.0,7000.0,3.3887929916381836,1.0,0.0,0.6706867814064026,0.8720076084136963,0.06826183944940567,0.6916443109512329,13.007037162780762,16.8771915435791,003856,8421.0,-0.6763506531715393,2.9346768856048584,0.6976516842842102,1.136501431465149,lidar_input,0.2887331247329712,0.16872477531433105,0.9992967844009399,0.16874480247497559,1422.0,35.0,20.0,,input,16988.0
0.8947739601135254,0.0,5312.0,3.43630051612854,1.0,0.0,0.8358981609344482,0.8876690864562988,0.0388646200299263,0.7196285724639893,16.669410705566406,20.3826904296875,003856,6041.0,-0.7442736029624939,3.114755392074585,0.7717545628547668,1.1943306922912598,lidar_input,0.21536190807819366,0.12067538499832153,1.0,0.12067538499832153,729.0,50.0,35.0,,input,26256.0
0.5868883728981018,0.8461537957191467,3930.0,1.9460234642028809,0.923285186290741,0.7809160351753235,0.5092903971672058,0.5617781281471252,1.3110777139663696,0.4791356027126312,9.933971405029297,14.900379180908203,003856,7158.0,0.08214104920625687,1.754088282585144,1.5128278732299805,1.9421175718307495,bevflow_lidar_only,0.9073897004127502,0.8304787874221802,0.9599376320838928,0.8602961897850037,6415.0,20.0,0.0,0,20279001,8224.0
0.6482687592506409,0.7702137231826782,7000.0,2.201331377029419,0.8236538171768188,0.7232857346534729,0.5359405279159546,0.6487493515014648,1.1242222785949707,0.5618873238563538,9.732440948486328,14.727447509765625,003856,8421.0,0.011334734968841076,2.1318960189819336,1.5747274160385132,2.031353712081909,bevflow_lidar_only,0.8047784566879272,0.6733298301696777,0.8551576733589172,0.7600047588348389,7484.0,35.0,20.0,0,20279001,16988.0
0.6292169690132141,0.7260686755180359,5312.0,2.2422664165496826,0.7520678043365479,0.7018072009086609,0.5501887798309326,0.6411064267158508,1.3184726238250732,0.5437831878662109,10.647795677185059,15.726045608520508,003856,6041.0,0.19076043367385864,2.2098302841186523,1.7557547092437744,2.2193825244903564,bevflow_lidar_only,0.7568399906158447,0.6088032722473145,0.7826701998710632,0.732660174369812,5655.0,50.0,35.0,0,20279001,26256.0
0.8478953838348389,0.0,3541.0,2.5059499740600586,1.0,0.0,0.42882105708122253,0.6292648911476135,0.1788010150194168,0.4642501473426819,4.3240790367126465,6.486443519592285,004070,7395.0,-0.05315558239817619,1.2625997066497803,0.12022733688354492,0.4168851673603058,lidar_input,0.6848511695861816,0.5207404494285583,0.9984455704689026,0.5211629271507263,3860.0,20.0,0.0,,input,8224.0
0.8637010455131531,0.0,9077.0,2.501487970352173,1.0,0.0,0.5499517917633057,0.7888400554656982,0.07960019260644913,0.6484841108322144,7.850793361663818,11.381425857543945,004070,11912.0,-0.2700936198234558,1.9800347089767456,0.3104642927646637,0.7365055680274963,lidar_input,0.38432860374450684,0.23787547647953033,0.9978880882263184,0.23799529671669006,2841.0,35.0,20.0,,input,16988.0
0.8118385672569275,0.0,7144.0,2.675161838531494,1.0,0.0,0.608592689037323,0.7717217206954956,0.07193544507026672,0.6512597799301147,10.572334289550781,15.081202507019043,004070,8879.0,-0.36209237575531006,2.2291648387908936,0.3927368223667145,0.7692718505859375,lidar_input,0.3266497254371643,0.19520701467990875,0.9948394298553467,0.19540488719940186,1744.0,50.0,35.0,,input,26256.0
0.5227519869804382,0.8693333864212036,3541.0,1.4696838855743408,0.9143035411834717,0.8285794854164124,0.46508121490478516,0.5146594047546387,1.200392246246338,0.5021131038665771,6.273557662963867,10.36684799194336,004070,7395.0,0.10898435860872269,1.3228929042816162,1.1456996202468872,1.4833499193191528,bevflow_lidar_only,0.9228178262710571,0.8566961884498596,0.9590199589729309,0.8892495036125183,6857.0,20.0,0.0,0,20280001,8224.0
0.6073729395866394,0.7868036031723022,9077.0,1.720441460609436,0.8771335482597351,0.7133414149284363,0.4928605258464813,0.6088927388191223,1.162850260734558,0.5650752782821655,7.76945161819458,12.53271198272705,004070,11912.0,0.519503116607666,1.6846368312835693,1.4172320365905762,1.8120055198669434,bevflow_lidar_only,0.8320204019546509,0.7123586535453796,0.909145176410675,0.766957700252533,10049.0,35.0,20.0,0,20280001,16988.0
0.6269922256469727,0.5930262804031372,7144.0,1.9725548028945923,0.5486904978752136,0.6451568007469177,0.5365068912506104,0.6824846863746643,1.6372753381729126,0.6281486749649048,9.621192932128906,15.117600440979004,004070,8879.0,0.7627317905426025,1.9611760377883911,1.6769206523895264,2.1242969036102295,bevflow_lidar_only,0.659051239490509,0.49148130416870117,0.621236264705658,0.7017682194709778,10030.0,50.0,35.0,0,20280001,26256.0
