bev_generation_ms,completion_density_log_mae,completion_f1,completion_gt_cells,completion_height_mae_m,completion_precision,completion_recall,density_log_mae_intersection,density_log_mae_union,density_mass_ratio,density_mass_tv,density_raw_mae_intersection,density_raw_rmse_intersection,frame,gt_occupied_cells,height_bias_intersection_m,height_mae_gtocc_m,height_mae_intersection_m,height_rmse_intersection_m,method,occupancy_f1,occupancy_iou,occupancy_precision,occupancy_recall,pred_occupied_cells,sample_index,seed,valid_cells
2046.959973871708,0.5641478896141052,0.7685705423355103,27761.0,2.1231939792633057,0.8338108658790588,0.712798535823822,0.5020075440406799,0.5754943490028381,1.4755840301513672,0.5777345895767212,7.10734224319458,11.82459831237793,000000,37552.0,-0.12496218830347061,2.0048835277557373,1.6739615201950073,2.175135612487793,bevflow_lidar_only,0.8219934701919556,0.6977835297584534,0.8787428736686707,0.7721292972564697,32996.0,0,20261001,51468.0
275.38034692406654,0.5644010305404663,0.7899203300476074,26447.0,2.3769354820251465,0.9271883964538574,0.6880553364753723,0.5093485713005066,0.5604687929153442,1.3818345069885254,0.5581218004226685,7.721264362335205,12.438502311706543,000214,35440.0,-0.7858611941337585,2.2344753742218018,1.7464027404785156,2.270256757736206,bevflow_lidar_only,0.839850902557373,0.7239164113998413,0.948467493057251,0.7535552978515625,28157.0,0,20262001,51468.0
275.02057142555714,0.5665107369422913,0.7734305262565613,25589.0,2.043041944503784,0.8756794333457947,0.6925632357597351,0.5036618709564209,0.5694997906684875,1.420311450958252,0.5492122173309326,7.8419976234436035,12.729669570922852,000428,34057.0,-0.10911458730697632,1.9446567296981812,1.601736307144165,2.056370973587036,bevflow_lidar_only,0.8254120945930481,0.7027248740196228,0.9103526473045349,0.754969596862793,28244.0,0,20263001,51468.0
274.6873488649726,0.6979827880859375,0.7586134672164917,10310.0,2.3584182262420654,0.815666139125824,0.7090203762054443,0.5502244234085083,0.6537860631942749,0.9843406081199646,0.5151743292808533,12.370776176452637,17.587583541870117,000643,14551.0,0.26484429836273193,2.1561219692230225,1.6172727346420288,2.0695154666900635,bevflow_lidar_only,0.8247026205062866,0.7016969919204712,0.873013436794281,0.78145831823349,13025.0,0,20264001,51468.0
274.880887940526,0.6927983164787292,0.7750479578971863,10452.0,2.243629217147827,0.8216505646705627,0.7334481477737427,0.535210371017456,0.6598919630050659,0.9809548854827881,0.5266278386116028,11.929181098937988,17.27877426147461,000857,14228.0,0.29978275299072266,2.0831916332244873,1.5865459442138672,2.036932945251465,bevflow_lidar_only,0.8298789262771606,0.7092247605323792,0.8713567852973938,0.7921703457832336,12935.0,0,20265001,51468.0
274.82128608971834,0.6292668581008911,0.7238453030586243,20876.0,2.4896299839019775,0.8236372470855713,0.6456217765808105,0.5250629782676697,0.6144246459007263,1.3416364192962646,0.5625169277191162,8.904939651489258,13.88905143737793,001071,28860.0,0.08298768848180771,2.2327537536621094,1.6380255222320557,2.1001853942871094,bevflow_lidar_only,0.7974779605865479,0.6631711721420288,0.8791433572769165,0.7296950817108154,23954.0,0,20266001,51468.0
274.74746387451887,0.6792353391647339,0.7426884174346924,16398.0,2.3087496757507324,0.8150091171264648,0.6821563839912415,0.5415305495262146,0.6573728322982788,1.2013448476791382,0.5763475894927979,10.016411781311035,15.0597505569458,001285,22452.0,0.12338341027498245,2.109686851501465,1.5420050621032715,1.9903366565704346,bevflow_lidar_only,0.8065040111541748,0.6757491827011108,0.86922287940979,0.7522269487380981,19430.0,0,20267001,51468.0
274.84828140586615,0.5967994928359985,0.800000011920929,18147.0,2.187335252761841,0.8833400011062622,0.7310299277305603,0.5117525458335876,0.5839422345161438,1.2718219757080078,0.5268979072570801,8.74661636352539,13.504802703857422,001499,26139.0,-0.07410670071840286,1.9959840774536133,1.5326884984970093,1.9769110679626465,bevflow_lidar_only,0.8556252717971802,0.7476792931556702,0.9221146702766418,0.7980794906616211,22623.0,0,20268001,51468.0
275.01502353698015,0.5898080468177795,0.7886912226676941,23905.0,2.1805624961853027,0.9240321516990662,0.6879314184188843,0.5141065120697021,0.5763962268829346,1.3350963592529297,0.5612426996231079,8.13556957244873,12.903879165649414,001714,32306.0,-0.2999236285686493,2.0533559322357178,1.6544203758239746,2.126410961151123,bevflow_lidar_only,0.8415713906288147,0.7264767289161682,0.9464789628982544,0.7575992345809937,25859.0,0,20269001,51468.0
275.3071868792176,0.5721439123153687,0.8011930584907532,21296.0,2.0371577739715576,0.8077896237373352,0.7947032451629639,0.5010982155799866,0.5830896496772766,1.370144009590149,0.565179169178009,7.771265029907227,12.518566131591797,001928,29354.0,0.06773937493562698,1.9099650382995605,1.6015840768814087,2.077230215072632,bevflow_lidar_only,0.8470885157585144,0.7347384691238403,0.8584371209144592,0.836035966873169,28588.0,0,20270001,51468.0
274.84168391674757,0.7699294090270996,0.5871815085411072,12420.0,2.614112615585327,0.665748119354248,0.5252012610435486,0.5576903223991394,0.7399263381958008,0.9505060911178589,0.5762187242507935,11.862625122070312,16.93520164489746,002142,16226.0,-0.055689264088869095,2.4089109897613525,1.7013802528381348,2.1574299335479736,bevflow_lidar_only,0.6840525269508362,0.5198174715042114,0.7557212114334106,0.6247997283935547,13415.0,0,20271001,51468.0
275.08034370839596,0.7253782749176025,0.6809216737747192,11391.0,2.673367977142334,0.7402329444885254,0.6304099559783936,0.5617257952690125,0.7187583446502686,0.9835503697395325,0.545895516872406,12.830071449279785,18.070114135742188,002356,14324.0,0.30234190821647644,2.5247936248779297,1.7992876768112183,2.292167901992798,bevflow_lidar_only,0.7427419424057007,0.5907633900642395,0.7978194355964661,0.6947779655456543,12474.0,0,20272001,51468.0
275.3223869949579,0.6731166243553162,0.7431732416152954,12507.0,2.105647325515747,0.8240677714347839,0.6767410039901733,0.5369712114334106,0.6474488377571106,0.9763444066047668,0.5314826965332031,11.114381790161133,16.32588768005371,002571,16712.0,0.22331930696964264,2.006614923477173,1.6831260919570923,2.165466070175171,bevflow_lidar_only,0.8052895069122314,0.6740456819534302,0.8734345436096191,0.7470081448554993,14293.0,0,20273001,51468.0
275.055936537683,0.5803849101066589,0.762274980545044,19910.0,2.1424899101257324,0.8448939919471741,0.694374680519104,0.5116439461708069,0.5840743184089661,1.2022740840911865,0.525952160358429,8.81259536743164,13.644244194030762,002785,25628.0,-0.242752805352211,2.033832311630249,1.664202094078064,2.1802773475646973,bevflow_lidar_only,0.8111916780471802,0.682357132434845,0.8832015991210938,0.7500390410423279,21764.0,0,20274001,51468.0
274.95748549699783,0.5657844543457031,0.7830144166946411,29326.0,2.0170154571533203,0.910883903503418,0.6866261959075928,0.4933147132396698,0.5641922950744629,1.3749957084655762,0.5624870657920837,7.252354145050049,12.097810745239258,002999,37067.0,0.001009334810078144,1.9534912109375,1.5813361406326294,2.040003776550293,bevflow_lidar_only,0.8250763416290283,0.7022382616996765,0.9326236248016357,0.7397685050964355,29402.0,0,20275001,51468.0
274.94027744978666,0.6167482733726501,0.6506128907203674,18381.0,1.9953663349151611,0.7624652981758118,0.567379355430603,0.5363744497299194,0.6153373718261719,1.1440786123275757,0.5589953064918518,9.92940616607666,14.778921127319336,003213,24202.0,0.10299715399742126,1.8992265462875366,1.6017482280731201,2.0544209480285645,bevflow_lidar_only,0.7337021231651306,0.579407274723053,0.8298049569129944,0.6575489640235901,19178.0,0,20276001,51468.0
275.1567838713527,0.6092361211776733,0.7047613859176636,18491.0,2.406507730484009,0.7360734939575195,0.6760045289993286,0.5332052111625671,0.6165196299552917,1.3341634273529053,0.5649869441986084,9.089113235473633,13.946975708007812,003427,26449.0,-0.2941737174987793,2.1834378242492676,1.7216073274612427,2.2239742279052734,bevflow_lidar_only,0.7869166731834412,0.6486914157867432,0.8168687224388123,0.7590835094451904,24578.0,0,20277001,51468.0
275.3929952159524,0.6919355392456055,0.6550462245941162,12897.0,2.364675521850586,0.6971473693847656,0.6177405714988708,0.5566222071647644,0.6865189671516418,1.073626160621643,0.5579349398612976,11.800155639648438,16.859533309936523,003642,17057.0,0.24921506643295288,2.216564416885376,1.6713840961456299,2.1446309089660645,bevflow_lidar_only,0.733806312084198,0.5795371532440186,0.7742628455162048,0.6973676681518555,15363.0,0,20278001,51468.0
275.21533612161875,0.6271858811378479,0.7733942270278931,16242.0,2.1529436111450195,0.8220127820968628,0.7302056550979614,0.5299909114837646,0.6197929382324219,1.2391164302825928,0.5291222333908081,10.044052124023438,15.055909156799316,003856,21620.0,0.08376546204090118,2.0285866260528564,1.5994595289230347,2.0508835315704346,bevflow_lidar_only,0.8249865770339966,0.7021083235740662,0.8685690760612488,0.78556889295578,19554.0,0,20279001,51468.0
275.361274369061,0.5993027091026306,0.72345370054245,19762.0,1.7666494846343994,0.7381390929222107,0.7093411684036255,0.496929407119751,0.6152119040489197,1.3294165134429932,0.5742563009262085,7.84697961807251,12.747586250305176,004070,28186.0,0.4655444920063019,1.6768419742584229,1.4095995426177979,1.8187527656555176,bevflow_lidar_only,0.7961611747741699,0.6613520383834839,0.8146346807479858,0.7785070538520813,26936.0,0,20280001,51468.0
