global_step,epoch,loss,optimizer_step_seconds,data_ready_gap_seconds,rolling_samples_per_second,median_step_seconds,p95_step_seconds,median_data_gap_seconds,p95_data_gap_seconds,gpu_allocated_mb,gpu_reserved_mb,trailing_200_loss
50,0,2.364417552947998,0.23949186597019434,0.004211773164570332,33.576505273261574,0.2382618421688676,0.24948245994746684,0.004308745265007019,0.004768467135727405,408.96142578125,6716.0,2.3983565739222934
100,0,2.299030303955078,0.20635229721665382,0.003454640507698059,33.72365320807449,0.23722222354263067,0.28986720433458657,0.00429960060864687,0.006251875404268503,409.83935546875,6716.0,2.368608701108682
150,0,2.0090928077697754,0.23394892644137144,0.0042492300271987915,34.16258961623404,0.23417428508400917,0.2693594628944993,0.004243060015141964,0.006246583536267281,408.9541015625,6716.0,2.2949516277185222
200,0,1.795589804649353,0.26629063207656145,0.002835046499967575,34.049251011257574,0.2349537732079625,0.2679474032483995,0.004243060015141964,0.00606991285458207,408.8232421875,6716.0,2.1986113600994472
250,0,1.6500686407089233,0.24809669703245163,0.004283607006072998,34.16830612771292,0.23413510667160153,0.2705532396677881,0.004243048373609781,0.006287255370989441,411.14111328125,6716.0,2.0309762638807296
300,0,1.5838165283203125,0.24688618909567595,0.004283660091459751,33.851695306893504,0.2363249440677464,0.2597710667643696,0.004260117653757334,0.006263639032840728,409.666015625,6716.0,1.8451512050628662
350,0,1.455503225326538,0.30928896367549896,0.004443327896296978,33.42668643372777,0.23932973481714725,0.27542553334496916,0.004327802918851376,0.006411280483007431,410.2998046875,6716.0,1.6844068956375122
400,0,1.387648344039917,0.23408283479511738,0.0042167287319898605,33.24170842057623,0.24066151771694422,0.27529486496932803,0.004327802918851376,0.01255652578547597,411.13623046875,6716.0,1.5667153871059418
450,0,1.3715431690216064,0.24495351500809193,3.60772149451077,33.233982154848384,0.24071746692061424,0.27542553334496916,0.004348160699009895,1.4557815664447784,410.50244140625,6716.0,1.4824070066213608
500,0,1.3264384269714355,0.2459838129580021,0.004722938872873783,33.3238623738367,0.24006821028888226,0.27529486496932803,0.004403296392410994,2.077736728964373,407.59521484375,6716.0,1.416570271253586
550,0,1.298491358757019,0.2256500283256173,2.8411551285535097,34.014457137395894,0.23519411077722907,0.2611053305212408,0.00432171393185854,3.0659154154360237,408.93212890625,6716.0,1.3650811779499055
600,0,1.2108458280563354,0.230597754009068,0.00418623723089695,34.11616491685881,0.23449294548481703,0.263435931596905,0.004400419536978006,3.1698309394530915,409.30615234375,6716.0,1.318610280752182
650,0,1.213426113128662,0.23299607448279858,0.8120745532214642,34.25400638946162,0.2335493229329586,0.26466684211045505,0.0043737757951021194,3.0542288950178755,409.16552734375,6716.0,1.279294914007187
700,0,1.1802409887313843,0.18210746068507433,0.002363012172281742,34.221076686971145,0.2337740589864552,0.26925359945744276,0.004326466470956802,3.1436243689619,410.28369140625,6716.0,1.2422268122434617
750,0,1.0914695262908936,0.23268324974924326,0.9577362583950162,34.09719081704136,0.23462343402206898,0.2703207588288933,0.0043737757951021194,2.7449889965821033,411.12548828125,6716.0,1.2016639399528504
800,0,1.052061915397644,0.18476450443267822,0.032304889522492886,34.12740764511361,0.23441569553688169,0.26913333097472786,0.004397969227284193,2.962491159001362,410.712890625,6716.0,1.1599789100885392
850,0,0.9578474760055542,0.2350562447682023,0.0055772894993424416,34.168909926384174,0.2341309692710638,0.25924459933303295,0.004301676992326975,2.893279195856302,410.2060546875,6716.0,1.106712017059326
900,0,0.8885411620140076,0.24036324676126242,2.0425426363945007,34.1339344045731,0.2343708728440106,0.2590925411786884,0.00433748634532094,2.636102213431149,409.95703125,6716.0,1.0444557675719262
950,0,0.86741703748703,0.23281370848417282,0.004138786345720291,34.096350606067446,0.2346292156726122,0.2527462820522487,0.004317590966820717,2.636102213431149,408.74755859375,6716.0,0.9742067965865135
1000,0,0.8028001189231873,0.23104741144925356,0.004294177517294884,33.84026878738326,0.2364047416485846,0.2582791238557547,0.004285809118300676,2.0559063352178737,410.22802734375,6716.0,0.896495590209961
1050,0,0.6174366474151611,0.18397398851811886,0.0024112919345498085,33.7269187082919,0.2371992552652955,0.265469863358885,0.004285809118300676,1.4837612000294027,408.8916015625,6716.0,0.8152315935492516
1100,0,0.5524628758430481,0.2372215325012803,0.004217810928821564,33.81797814571913,0.23656056448817253,0.25893244333565235,0.004263619892299175,1.2506123671308151,409.4775390625,6716.0,0.7379169538617134
1150,0,0.5601803064346313,0.23757764603942633,0.6079716561362147,33.95175546872579,0.23562846425920725,0.2581782819703221,0.0042181494645774364,1.0665659007150676,410.369140625,6716.0,0.6647857844829559
1200,0,0.4399142861366272,0.20467538945376873,0.002412981353700161,33.95175546872579,0.23562846425920725,0.25893244333565235,0.004210584331303835,0.8731660731602425,409.3310546875,6716.0,0.5954812118411064
1250,0,0.3883393704891205,0.22190238814800978,0.0042539918795228004,33.9216250444467,0.23583775805309415,0.2566605623811483,0.004256817512214184,0.951221250090746,410.7822265625,6716.0,0.5358139236271381
1300,0,0.4773363471031189,0.2358938716351986,0.004121103323996067,33.8098039204187,0.23661775793880224,0.25723386192694303,0.00425014877691865,0.6168894366826831,410.14306640625,6716.0,0.48819983258843425
1350,0,0.35089337825775146,0.23297837749123573,0.0044630663469433784,33.62941245328158,0.23788699880242348,0.2612437597941607,0.004245967138558626,0.4994583874475195,409.5859375,6716.0,0.4459238705039024
1400,0,0.3860660493373871,0.2564328368753195,0.005260724574327469,33.47231799714214,0.2390034655109048,0.2671483352780341,0.004314376041293144,0.4197288797236966,409.71337890625,6716.0,0.4199985466897488
1450,0,0.3519051969051361,0.2517936332151294,0.005755074322223663,33.38341418091558,0.23963995883241296,0.2745791068300604,0.00427983608096838,0.010439219791442153,410.3603515625,6716.0,0.4033255286514759
1500,0,0.3936576843261719,0.23647483065724373,0.004172151908278465,33.34946864088897,0.23988388199359179,0.27431218326091766,0.004283915739506483,0.008484617574140395,410.79833984375,6716.0,0.39090412452816964
