bevflow_bev_generation_ms_mean,bevflow_bev_generation_ms_std,bevflow_completion_density_log_mae_mean,bevflow_completion_density_log_mae_std,bevflow_completion_f1_mean,bevflow_completion_f1_std,bevflow_completion_gt_cells_mean,bevflow_completion_gt_cells_std,bevflow_completion_height_mae_m_mean,bevflow_completion_height_mae_m_std,bevflow_completion_precision_mean,bevflow_completion_precision_std,bevflow_completion_recall_mean,bevflow_completion_recall_std,bevflow_density_log_mae_intersection_mean,bevflow_density_log_mae_intersection_std,bevflow_density_log_mae_union_mean,bevflow_density_log_mae_union_std,bevflow_density_mass_ratio_mean,bevflow_density_mass_ratio_std,bevflow_density_mass_tv_mean,bevflow_density_mass_tv_std,bevflow_density_raw_mae_intersection_mean,bevflow_density_raw_mae_intersection_std,bevflow_density_raw_rmse_intersection_mean,bevflow_density_raw_rmse_intersection_std,bevflow_gt_occupied_cells_mean,bevflow_gt_occupied_cells_std,bevflow_height_bias_intersection_m_mean,bevflow_height_bias_intersection_m_std,bevflow_height_mae_gtocc_m_mean,bevflow_height_mae_gtocc_m_std,bevflow_height_mae_intersection_m_mean,bevflow_height_mae_intersection_m_std,bevflow_height_rmse_intersection_m_mean,bevflow_height_rmse_intersection_m_std,bevflow_occupancy_f1_mean,bevflow_occupancy_f1_std,bevflow_occupancy_iou_mean,bevflow_occupancy_iou_std,bevflow_occupancy_precision_mean,bevflow_occupancy_precision_std,bevflow_occupancy_recall_mean,bevflow_occupancy_recall_std,bevflow_pred_occupied_cells_mean,bevflow_pred_occupied_cells_std,bevflow_valid_cells_mean,bevflow_valid_cells_std,frame,input_completion_density_log_mae,input_completion_f1,input_completion_gt_cells,input_completion_height_mae_m,input_completion_precision,input_completion_recall,input_density_log_mae_intersection,input_density_log_mae_union,input_density_mass_ratio,input_density_mass_tv,input_density_raw_mae_intersection,input_density_raw_rmse_intersection,input_gt_occupied_cells,input_height_bias_intersection_m,input_height_mae_gtocc_m,input_height_mae_intersection_m,input_height_rmse_intersection_m,input_occupancy_f1,input_occupancy_iou,input_occupancy_precision,input_occupancy_recall,input_pred_occupied_cells,input_valid_cells
2021.3258415460587,0.0,0.5699574947357178,0.0,0.7812552452087402,0.0,27761.0,0.0,2.0669524669647217,0.0,0.8116313219070435,0.0,0.7530708312988281,0.0,0.5186477303504944,0.0,0.5844303965568542,0.0,1.546926498413086,0.0,0.5828725099563599,0.0,7.212142467498779,0.0,12.01734733581543,0.0,37552.0,0.0,-0.06980575621128082,0.0,1.9576950073242188,0.0,1.6628612279891968,0.0,2.160902261734009,0.0,0.8304688334465027,0.0,0.7100868821144104,0.0,0.8599829077720642,0.0,0.8029133081436157,0.0,35060.0,0.0,51468.0,0.0,000000,0.7175712585449219,0.0,27761.0,3.099778413772583,1.0,0.0,0.4178124964237213,0.6389582753181458,0.10006839781999588,0.6556154489517212,5.155959606170654,8.387789726257324,37552.0,-0.8377214670181274,2.513150215148926,0.8498481512069702,1.5533655881881714,0.41307881474494934,0.26030200719833374,0.9937074780464172,0.2607317864894867,9853.0,51468.0
275.3203399479389,0.0,0.5740489363670349,0.0,0.8047793507575989,0.0,26447.0,0.0,2.3021416664123535,0.0,0.9089826941490173,0.0,0.72201007604599,0.0,0.5291405916213989,0.0,0.5727642774581909,0.0,1.4306812286376953,0.0,0.5639134645462036,0.0,7.828179836273193,0.0,12.638466835021973,0.0,35440.0,0.0,-0.7300475239753723,0.0,2.1768875122070312,0.0,1.749355673789978,0.0,2.2728495597839355,0.0,0.8500930666923523,0.0,0.7392711639404297,0.0,0.9345216155052185,0.0,0.7796557545661926,0.0,29567.0,0.0,51468.0,0.0,000214,0.7415950298309326,0.0,26447.0,3.834312677383423,1.0,0.0,0.4391576647758484,0.6646475195884705,0.10013022273778915,0.6764026284217834,5.063271522521973,7.432965278625488,35440.0,-1.0345057249069214,3.1301848888397217,1.0594552755355835,1.6898926496505737,0.40450701117515564,0.2535310387611389,0.9965647459030151,0.25375282764434814,9024.0,51468.0
275.69115441292524,0.0,0.5828732252120972,0.0,0.7702800035476685,0.0,25589.0,0.0,2.0369880199432373,0.0,0.8669697642326355,0.0,0.6929931044578552,0.0,0.5261349678039551,0.0,0.585303008556366,0.0,1.463917851448059,0.0,0.5584650039672852,0.0,8.179652214050293,0.0,13.253179550170898,0.0,34057.0,0.0,-0.021690206602215767,0.0,1.943297266960144,0.0,1.6158701181411743,0.0,2.0682520866394043,0.0,0.8228932619094849,0.0,0.6990813612937927,0.0,0.9038265347480774,0.0,0.7552632093429565,0.0,28459.0,0.0,51468.0,0.0,000428,0.7265510559082031,0.0,25589.0,3.0991790294647217,1.0,0.0,0.4829731285572052,0.6658279299736023,0.1000661551952362,0.6159833669662476,6.7599196434021,10.118575096130371,34057.0,-0.7643928527832031,2.5257952213287354,0.7931174039840698,1.4172945022583008,0.39809131622314453,0.24851064383983612,0.9978788495063782,0.2486419826745987,8486.0,51468.0
276.3143880292773,0.0,0.7137020826339722,0.0,0.7413103580474854,0.0,10310.0,0.0,2.359434127807617,0.0,0.7748281359672546,0.0,0.7105722427368164,0.0,0.5680795311927795,0.0,0.669068455696106,0.0,0.9809460043907166,0.0,0.525520920753479,0.0,12.362296104431152,0.0,17.588537216186523,0.0,14551.0,0.0,0.34346285462379456,0.0,2.1588046550750732,0.0,1.6208170652389526,0.0,2.0769190788269043,0.0,0.8113018870353699,0.0,0.6825130581855774,0.0,0.8423973321914673,0.0,0.7824204564094543,0.0,13515.0,0.0,51468.0,0.0,000643,1.060207486152649,0.0,10310.0,3.5011532306671143,1.0,0.0,0.6065884232521057,0.9279177188873291,0.10183241963386536,0.6434544324874878,13.273048400878906,18.558351516723633,14551.0,-0.5299753546714783,2.6414413452148438,0.5514561533927917,1.035889983177185,0.45131421089172363,0.29141756892204285,0.9995286464691162,0.2914576232433319,4243.0,51468.0
276.3629611581564,0.0,0.7014163136482239,0.0,0.7637287378311157,0.0,10452.0,0.0,2.2321877479553223,0.0,0.780351459980011,0.0,0.7477994561195374,0.0,0.5572032332420349,0.0,0.6714853048324585,0.0,0.992324948310852,0.0,0.5349938869476318,0.0,12.055150985717773,0.0,17.434040069580078,0.0,14228.0,0.0,0.3543752133846283,0.0,2.0783088207244873,0.0,1.6079176664352417,0.0,2.0600757598876953,0.0,0.8207595348358154,0.0,0.6960068345069885,0.0,0.8386387228965759,0.0,0.8036266565322876,0.0,13634.0,0.0,51468.0,0.0,000857,1.0580483675003052,0.0,10452.0,3.336259126663208,1.0,0.0,0.5912704467773438,0.9341691732406616,0.1026776060461998,0.6630615592002869,13.699417114257812,19.24952507019043,14228.0,-0.4811221957206726,2.585144519805908,0.5060520768165588,0.9047107696533203,0.4194623529911041,0.2653921842575073,1.0,0.2653921842575073,3776.0,51468.0
276.18557401001453,0.0,0.6478951573371887,0.0,0.7085054516792297,0.0,20876.0,0.0,2.5295443534851074,0.0,0.8053556084632874,0.0,0.6324487328529358,0.0,0.5452326536178589,0.0,0.6330611109733582,0.0,1.3515887260437012,0.0,0.5748172402381897,0.0,9.134546279907227,0.0,14.27247428894043,0.0,28860.0,0.0,0.17140249907970428,0.0,2.273301124572754,0.0,1.674641728401184,0.0,2.1441173553466797,0.0,0.7865725755691528,0.0,0.6482238173484802,0.0,0.8664693236351013,0.0,0.7201663255691528,0.0,23987.0,0.0,51468.0,0.0,001071,0.8052056431770325,0.0,20876.0,3.3651576042175293,1.0,0.0,0.5040457844734192,0.7217512726783752,0.1000622808933258,0.6237208843231201,7.103456974029541,10.32972240447998,28860.0,-0.4644487202167511,2.573072671890259,0.5019842386245728,1.011870265007019,0.43324199318885803,0.27652132511138916,0.9983744025230408,0.27664586901664734,7997.0,51468.0
276.27215813845396,0.0,0.6882308125495911,0.0,0.74403977394104,0.0,16398.0,0.0,2.291865825653076,0.0,0.8035082817077637,0.0,0.6927673816680908,0.0,0.5614480376243591,0.0,0.666303813457489,0.0,1.212740421295166,0.0,0.5830432176589966,0.0,10.199618339538574,0.0,15.31558895111084,0.0,22452.0,0.0,0.19604931771755219,0.0,2.1019017696380615,0.0,1.5519858598709106,0.0,2.0012078285217285,0.0,0.8072232604026794,0.0,0.676759660243988,0.0,0.8599919676780701,0.0,0.7605558633804321,0.0,19856.0,0.0,51468.0,0.0,001285,0.9051613211631775,0.0,16398.0,3.4036357402801514,1.0,0.0,0.5042632222175598,0.7970187664031982,0.10017474740743637,0.6596999168395996,8.161380767822266,11.98299503326416,22452.0,-0.4207252562046051,2.6048572063446045,0.4412679672241211,0.8621405959129333,0.4247080087661743,0.2696058750152588,0.9995046854019165,0.2696419060230255,6057.0,51468.0
276.28272492438555,0.0,0.6203086972236633,0.0,0.777830958366394,0.0,18147.0,0.0,2.226943016052246,0.0,0.8511362671852112,0.0,0.7161514163017273,0.0,0.5351583957672119,0.0,0.6074129343032837,0.0,1.2893342971801758,0.0,0.5420250296592712,0.0,9.048726081848145,0.0,13.945794105529785,0.0,26139.0,0.0,0.030325086787343025,0.0,2.032796859741211,0.0,1.5540133714675903,0.0,2.0003039836883545,0.0,0.8398710489273071,0.0,0.723946213722229,0.0,0.9001268744468689,0.0,0.787176251411438,0.0,22859.0,0.0,51468.0,0.0,001499,0.8398796319961548,0.0,18147.0,3.405302047729492,1.0,0.0,0.5025947093963623,0.7366371154785156,0.10006561130285263,0.6210708618164062,7.281406402587891,10.806625366210938,26139.0,-0.6720956563949585,2.5794436931610107,0.7042112946510315,1.2548515796661377,0.46817609667778015,0.3056330978870392,0.9987503290176392,0.3057500422000885,8002.0,51468.0
276.106184348464,0.0,0.6055154204368591,0.0,0.7804281115531921,0.0,23905.0,0.0,2.189443588256836,0.0,0.9152361154556274,0.0,0.6802342534065247,0.0,0.5349082350730896,0.0,0.5928680896759033,0.0,1.3568092584609985,0.0,0.5701983571052551,0.0,8.420326232910156,0.0,13.357014656066895,0.0,32306.0,0.0,-0.2163906693458557,0.0,2.0633926391601562,0.0,1.6605863571166992,0.0,2.128718137741089,0.0,0.835621178150177,0.0,0.7176539897918701,0.0,0.9404134750366211,0.0,0.7518417835235596,0.0,25828.0,0.0,51468.0,0.0,001714,0.7708995938301086,0.0,23905.0,3.3325440883636475,1.0,0.0,0.455122709274292,0.6884941458702087,0.10011180490255356,0.6712534427642822,5.533984184265137,7.945138454437256,32306.0,-0.9899735450744629,2.730684757232666,1.0180985927581787,1.6306864023208618,0.4124000072479248,0.2597631514072418,0.9958510994911194,0.26004457473754883,8436.0,51468.0
276.3600405305624,0.0,0.5842364430427551,0.0,0.7968233823776245,0.0,21296.0,0.0,2.0270912647247314,0.0,0.7793642282485962,0.0,0.8150826692581177,0.0,0.5222482085227966,0.0,0.6003153324127197,0.0,1.4199423789978027,0.0,0.578492283821106,0.0,7.956202507019043,0.0,12.83639144897461,0.0,29354.0,0.0,0.12016837298870087,0.0,1.9050120115280151,0.0,1.6219984292984009,0.0,2.099170684814453,0.0,0.8434385061264038,0.0,0.7292639017105103,0.0,0.8351982235908508,0.0,0.851842999458313,0.0,29939.0,0.0,51468.0,0.0,001928,0.8069111704826355,0.0,21296.0,3.1412036418914795,1.0,0.0,0.44989004731178284,0.7086902260780334,0.10009957104921341,0.6655279397964478,6.0528669357299805,9.412066459655762,29354.0,-0.5761386156082153,2.4468491077423096,0.6117828488349915,1.2168807983398438,0.4305292069911957,0.27431488037109375,0.9974006414413452,0.2745111286640167,8079.0,51468.0
276.2422785162926,0.0,0.7716585397720337,0.0,0.5979098677635193,0.0,12420.0,0.0,2.565382480621338,0.0,0.6643377542495728,0.0,0.5435587763786316,0.0,0.5790153741836548,0.0,0.7404428720474243,0.0,0.9446590542793274,0.0,0.5806115865707397,0.0,11.973027229309082,0.0,17.065555572509766,0.0,16226.0,0.0,0.009863238781690598,0.0,2.3761484622955322,0.0,1.6946027278900146,0.0,2.1450397968292236,0.0,0.6906024217605591,0.0,0.527419924736023,0.0,0.7521603107452393,0.0,0.6383581757545471,0.0,13771.0,0.0,51468.0,0.0,002142,1.0019699335098267,0.0,12420.0,3.51141357421875,1.0,0.0,0.6007829904556274,0.9078201651573181,0.10132339596748352,0.6512758731842041,13.63137149810791,18.35918426513672,16226.0,-0.6976452469825745,2.854611873626709,0.7112913131713867,1.228347897529602,0.379954069852829,0.2345329076051712,0.9994747638702393,0.23456181585788727,3808.0,51468.0
276.4340052381158,0.0,0.7363747358322144,0.0,0.6740730404853821,0.0,11391.0,0.0,2.6679275035858154,0.0,0.7129847407341003,0.0,0.639188826084137,0.0,0.5801863670349121,0.0,0.7317744493484497,0.0,1.0068656206130981,0.0,0.5566641092300415,0.0,12.96411418914795,0.0,18.232257843017578,0.0,14324.0,0.0,0.40166932344436646,0.0,2.5216708183288574,0.0,1.8010220527648926,0.0,2.2918758392333984,0.0,0.7364914417266846,0.0,0.5828939080238342,0.0,0.7742456793785095,0.0,0.7022479772567749,0.0,12992.0,0.0,51468.0,0.0,002356,1.069496989250183,0.0,11391.0,3.663262128829956,1.0,0.0,0.6140787601470947,0.9761724472045898,0.10249065607786179,0.6949148178100586,14.794407844543457,19.60821533203125,14324.0,-0.43623948097229004,3.005868434906006,0.4527249336242676,0.8309795260429382,0.33988064527511597,0.20473265647888184,0.999318540096283,0.20476123690605164,2935.0,51468.0
276.2824986129999,0.0,0.7088116407394409,0.0,0.7085349559783936,0.0,12507.0,0.0,2.1670804023742676,0.0,0.7962889075279236,0.0,0.6382026076316833,0.0,0.5597923994064331,0.0,0.6772010326385498,0.0,0.9586657285690308,0.0,0.5503883957862854,0.0,11.353597640991211,0.0,16.586227416992188,0.0,16712.0,0.0,0.3227865397930145,0.0,2.0607473850250244,0.0,1.7071444988250732,0.0,2.1961069107055664,0.0,0.7791447043418884,0.0,0.6381957530975342,0.0,0.8541458249092102,0.0,0.716251790523529,0.0,14014.0,0.0,51468.0,0.0,002571,1.0020262002944946,0.0,12507.0,2.964515447616577,1.0,0.0,0.5694063305854797,0.8930752873420715,0.10229262709617615,0.6602113842964172,12.000950813293457,17.34558868408203,16712.0,-0.6842780113220215,2.3961403369903564,0.7056127190589905,1.3822205066680908,0.40200766921043396,0.2515704333782196,0.9992870688438416,0.25161561369895935,4208.0,51468.0
276.21631883084774,0.0,0.5997985601425171,0.0,0.7572278380393982,0.0,19910.0,0.0,2.1898393630981445,0.0,0.8332428932189941,0.0,0.6939226388931274,0.0,0.5339189171791077,0.0,0.6018104553222656,0.0,1.20689857006073,0.0,0.5378769636154175,0.0,9.014348030090332,0.0,13.958086013793945,0.0,25628.0,0.0,-0.12829552590847015,0.0,2.076441526412964,0.0,1.6994662284851074,0.0,2.2115869522094727,0.0,0.8070241808891296,0.0,0.6764799356460571,0.0,0.8740161061286926,0.0,0.7495707869529724,0.0,21979.0,0.0,51468.0,0.0,002785,0.8254953622817993,0.0,19910.0,3.271015167236328,1.0,0.0,0.5554303526878357,0.7651752829551697,0.10021211206912994,0.629753828048706,9.860791206359863,14.042457580566406,25628.0,-0.6840970516204834,2.699920415878296,0.7113767862319946,1.3081350326538086,0.3647730350494385,0.22307182848453522,0.9991263151168823,0.22311533987522125,5723.0,51468.0
276.4080408960581,0.0,0.5740455985069275,0.0,0.8018516898155212,0.0,29326.0,0.0,2.00290846824646,0.0,0.8991482853889465,0.0,0.723555862903595,0.0,0.5146567821502686,0.0,0.5752609372138977,0.0,1.4373319149017334,0.0,0.5671119689941406,0.0,7.3801116943359375,0.0,12.333938598632812,0.0,37067.0,0.0,0.06494338810443878,0.0,1.9450137615203857,0.0,1.613396167755127,0.0,2.0801093578338623,0.0,0.8394364714622498,0.0,0.7233006954193115,0.0,0.9226989150047302,0.0,0.7699571251869202,0.0,30931.0,0.0,51468.0,0.0,002999,0.7353004217147827,0.0,29326.0,2.956728458404541,1.0,0.0,0.4294220805168152,0.6713151931762695,0.10006286203861237,0.6859973669052124,5.5612969398498535,8.587745666503906,37067.0,-0.7001875638961792,2.4928648471832275,0.7355651259422302,1.3817251920700073,0.34541845321655273,0.20876483619213104,0.9983234405517578,0.20883804559707642,7754.0,51468.0
276.25325694680214,0.0,0.6349669098854065,0.0,0.6337602734565735,0.0,18381.0,0.0,2.0382261276245117,0.0,0.7621158957481384,0.0,0.5424079298973083,0.0,0.5591946244239807,0.0,0.6307433843612671,0.0,1.138506293296814,0.0,0.5653815865516663,0.0,10.301762580871582,0.0,15.281067848205566,0.0,24202.0,0.0,0.20897413790225983,0.0,1.9462180137634277,0.0,1.6341334581375122,0.0,2.0877199172973633,0.0,0.7224663496017456,0.0,0.565516471862793,0.0,0.8317188620567322,0.0,0.6385836005210876,0.0,18582.0,0.0,51468.0,0.0,003213,0.7946574091911316,0.0,18381.0,2.7740578651428223,1.0,0.0,0.5610013008117676,0.7381564378738403,0.10007507354021072,0.628929078578949,9.68562126159668,13.236785888671875,24202.0,-0.546830952167511,2.244922161102295,0.5740665793418884,1.0327702760696411,0.3875241279602051,0.24032863974571228,0.9967465996742249,0.24051731824874878,5840.0,51468.0
276.24247316271067,0.0,0.633750319480896,0.0,0.6916625499725342,0.0,18491.0,0.0,2.466783285140991,0.0,0.7403751015663147,0.0,0.6489643454551697,0.0,0.556786835193634,0.0,0.6340019702911377,0.0,1.3135216236114502,0.0,0.5763112902641296,0.0,9.420034408569336,0.0,14.420713424682617,0.0,26449.0,0.0,-0.2243284285068512,0.0,2.22983455657959,0.0,1.7228254079818726,0.0,2.227483034133911,0.0,0.7789276838302612,0.0,0.6379046440124512,0.0,0.8223305344581604,0.0,0.7398767471313477,0.0,23797.0,0.0,51468.0,0.0,003427,0.7860931158065796,0.0,18491.0,3.4800045490264893,1.0,0.0,0.5365247130393982,0.7107439041137695,0.1000644862651825,0.5866722464561462,8.269917488098145,11.942520141601562,26449.0,-0.9438530802726746,2.7255637645721436,0.9725648760795593,1.6279891729354858,0.46228471398353577,0.3006308674812317,0.9972431063652039,0.30088093876838684,7980.0,51468.0
276.3276556506753,0.0,0.7086371183395386,0.0,0.6478565335273743,0.0,12897.0,0.0,2.3570146560668945,0.0,0.6777909398078918,0.0,0.6204543709754944,0.0,0.5768257975578308,0.0,0.7007338404655457,0.0,1.0865329504013062,0.0,0.5675570964813232,0.0,11.9061861038208,0.0,17.015640258789062,0.0,17057.0,0.0,0.3506653606891632,0.0,2.2139689922332764,0.0,1.6871929168701172,0.0,2.162126302719116,0.0,0.7275609970092773,0.0,0.5717845559120178,0.0,0.7579241394996643,0.0,0.6995368599891663,0.0,15743.0,0.0,51468.0,0.0,003642,0.954932689666748,0.0,12897.0,3.2355847358703613,1.0,0.0,0.6284081339836121,0.8750827312469482,0.1008523479104042,0.6480092406272888,12.868989944458008,17.016374588012695,17057.0,-0.5801136493682861,2.5901191234588623,0.5890210866928101,0.9905211329460144,0.39200907945632935,0.24378809332847595,0.9983201622962952,0.24388813972473145,4167.0,51468.0
276.0755680501461,0.0,0.6419472694396973,0.0,0.7727124691009521,0.0,16242.0,0.0,2.17710280418396,0.0,0.8187706470489502,0.0,0.7315601706504822,0.0,0.548225998878479,0.0,0.6303895711898804,0.0,1.2138986587524414,0.0,0.5401798486709595,0.0,10.158467292785645,0.0,15.200739860534668,0.0,21620.0,0.0,0.1540483683347702,0.0,2.0467240810394287,0.0,1.6125907897949219,0.0,2.067784309387207,0.0,0.8247237205505371,0.0,0.7017276287078857,0.0,0.8660187125205994,0.0,0.7871878147125244,0.0,19652.0,0.0,51468.0,0.0,003856,0.9016280770301819,0.0,16242.0,3.3524699211120605,1.0,0.0,0.5657817721366882,0.8179877400398254,0.10034343600273132,0.6378802061080933,10.264967918395996,14.483283996582031,21620.0,-0.6821160912513733,2.6955149173736572,0.7114576697349548,1.2671453952789307,0.3983261287212372,0.24869364500045776,0.9990711212158203,0.24875116348266602,5383.0,51468.0
276.3350484892726,0.0,0.6116807460784912,0.0,0.7266300916671753,0.0,19762.0,0.0,1.7841159105300903,0.0,0.7303445339202881,0.0,0.7229531407356262,0.0,0.5203365683555603,0.0,0.6289088129997253,0.0,1.383048415184021,0.0,0.5809004306793213,0.0,8.140438079833984,0.0,13.185579299926758,0.0,28186.0,0.0,0.5537284016609192,0.0,1.69861900806427,0.0,1.4505778551101685,0.0,1.8696192502975464,0.0,0.7981117367744446,0.0,0.6640482544898987,0.0,0.8076503872871399,0.0,0.7887958288192749,0.0,27528.0,0.0,51468.0,0.0,004070,0.8421206474304199,0.0,19762.0,2.565070867538452,1.0,0.0,0.5066117644309998,0.7415765523910522,0.10029623657464981,0.6111528277397156,6.797839164733887,10.473154067993164,28186.0,-0.1897919476032257,1.870284914970398,0.24037522077560425,0.619633138179779,0.45993831753730774,0.29864928126335144,0.9975132942199707,0.298871785402298,8445.0,51468.0
